22		2014-04-01 00:00:00	丙烷	盐山县金燕	4.0	3.92	0.0	1	
23		2014-04-01 00:00:00	丙烷	沈阳双燃	22.0	21.86	0.0	1	
24		2014-04-01 00:00:00	丙烷	华锦化学	24.0	23.88	0.0	1	
25		2014-04-01 00:00:00	丙烷	华锦化学	23.5	23.58	0.0	1	
26		2014-04-01 00:00:00	丙烷	华锦化学	23.5	23.6	0.0	1	
27		2014-04-01 00:00:00	丙烷	宏源发燃气	24.0	24.96	0.0	1	
28		2014-04-01 00:00:00	轻油	精细化工	100.0	76.9	613.7728	4	
29		2014-04-01 00:00:00	轻油	精细化工	200.0	236.3	1885.9724	11	
30		2014-04-01 00:00:00	轻油	精细化工	200.0	237.38	1894.5887	11	
31		2014-04-01 00:00:00	丁烷	盐山县金燕	11.0	11.04	0.0	1	
32		2014-04-01 00:00:00	丁烷	盐山县金燕	27.5	26.6	0.0	1	
33		2014-04-02 00:00:00	丙烷	华锦化学	24.0	24.06	0.0	1	
34		2014-04-02 00:00:00	丙烷	华锦化学	23.5	23.42	0.0	1	
35		2014-04-02 00:00:00	丙烷	华锦化学	23.5	24.02	0.0	1	
36		2014-04-02 00:00:00	丙烷	塔山石化	23.0	23.18	0.0	1	
37		2014-04-02 00:00:00	丁烷	雄县东宏	27.5	29.44	0.0	1	
38		2014-04-02 00:00:00	丁烷	盐山县金燕	27.5	27.72	0.0	1	
39		2014-04-02 00:00:00	轻油	精细化工	230.0	233.28	1861.8844	11	
40		2014-04-02 00:00:00	轻油	精细化工	220.0	232.6	1856.4756	11	
49		2014-04-03 00:00:00	丁烷	雄县东宏	25.0	28.82	0.0	1	
52		2014-04-03 00:00:00	轻油	精细化工	230.0	233.32	1855.1548	11	
53		2014-04-03 00:00:00	轻油	精细化工	220.0	210.78	1675.9098	10	
54		2014-04-03 00:00:00	丙烷	华锦化学	23.5	23.78	0.0	1	
55		2014-04-03 00:00:00	丙烷	华锦化学	23.5	23.76	0.0	1	
56		2014-04-03 00:00:00	丙烷	华锦化学	24.0	24.04	0.0	1	
73		2014-04-04 00:00:00	丙烷	华锦化学	23.5	24.02	0.0	1	
74		2014-04-04 00:00:00	丙烷	华锦化学	24.0	23.92	0.0	1	
75		2014-04-04 00:00:00	丙烷	沈阳双燃	22.0	22.42	0.0	1	
76		2014-04-04 00:00:00	丁烷	爱军化工	14.0	14.52	0.0	1	
77		2014-04-04 00:00:00	丁烷	盐山县金燕	27.0	28.66	0.0	1	
78		2014-04-04 00:00:00	丁烷	盐山县金燕	16.0	15.68	0.0	1	
79		2014-04-04 00:00:00	丁烷	雄县东宏	27.5	29.3	0.0	1	
81		2014-04-04 00:00:00	轻油	精细化工	200.0	237.66	1901.6956	11	
82		2014-04-04 00:00:00	轻油	精细化工	220.0	203.02	1624.5262	9	
90		2014-04-05 00:00:00	轻油	精细化工	200.0	99.7	797.7348	5	
91		2014-04-05 00:00:00	丙烷	华锦化学	23.5	23.96	0.0	1	
92		2014-04-05 00:00:00	丙烷	华锦化学	24.0	23.92	0.0	1	
93		2014-04-05 00:00:00	丙烷	宏源发燃气	4.0	4.08	0.0	1	
94		2014-04-05 00:00:00	丙烷	塔山石化	23.0	23.34	0.0	1	
95		2014-04-05 00:00:00	丁烷	雄县东宏	27.5	29.42	0.0	1	
96		2014-04-05 00:00:00	丁烷	朝顺达	24.0	24.06	0.0	1	
161		2014-04-06 00:00:00	丙烷	华锦化学	23.5	24.04	0.0	1	
174		2014-04-06 00:00:00	丙烷	华锦化学	24.0	23.8	0.0	1	
170		2014-04-06 00:00:00	丙烷	宏源发燃气	5.0	5.46	0.0	1	
171		2014-04-06 00:00:00	丙烷	塔山石化	23.0	23.24	0.0	1	
172		2014-04-06 00:00:00	丁烷	廊坊中信	27.5	30.44	0.0	1	
173		2014-04-06 00:00:00	丁烷	廊坊中信	20.0	20.6	0.0	1	
175		2014-04-06 00:00:00	轻油	精细化工	200.0	235.62	1871.0668	11	
176		2014-04-06 00:00:00	轻油	精细化工	200.0	237.1	1882.8277	11	
177		2014-04-06 00:00:00	轻油	精细化工	100.0	62.92	499.622	3	
185		2014-04-07 00:00:00	轻油	精细化工	200.0	238.94	1895.029	11	
186		2014-04-07 00:00:00	轻油	精细化工	200.0	237.36	1882.5133	11	
187		2014-04-07 00:00:00	丙烷	华锦化学	23.5	23.84	0.0	1	
188		2014-04-07 00:00:00	丙烷	华锦化学	24.0	23.72	0.0	1	
189		2014-04-07 00:00:00	丙烷	沈阳双燃	22.0	22.36	0.0	1	
190		2014-04-07 00:00:00	丁烷	雄县东宏	27.5	29.98	0.0	1	
191		2014-04-07 00:00:00	丁烷	盐山县金燕	24.0	24.54	0.0	1	
192		2014-04-07 00:00:00	丙烷	宏源发燃气	4.0	4.52	0.0	1	
193		2014-04-08 00:00:00	轻油	精细化工	200.0	215.18	1715.2179	10	
194		2014-04-08 00:00:00	轻油	精细化工	200.0	241.06	1921.5698	11	
195		2014-04-08 00:00:00	轻油	精细化工	100.0	44.42	354.0876	2	
196		2014-04-08 00:00:00	丙烷	华锦化学	23.5	24.26	0.0	1	
197		2014-04-08 00:00:00	丙烷	华锦化学	24.0	24.04	0.0	1	
198		2014-04-08 00:00:00	丙烷	宏源发燃气	4.0	3.98	0.0	1	
199		2014-04-08 00:00:00	丙烷	宏源发燃气	24.0	24.56	0.0	1	
200		2014-04-08 00:00:00	丙烷	塔山石化	23.0	23.06	0.0	1	
201		2014-04-08 00:00:00	丁烷	盐山县金燕	24.0	24.82	0.0	1	
202		2014-04-08 00:00:00	丁烷	爱军化工	13.0	13.5	0.0	1	
203		2014-04-09 00:00:00	轻油	精细化工	230.0	221.36	1760.0606	11	
204		2014-04-09 00:00:00	轻油	精细化工	230.0	188.58	1499.432	9	
205		2014-04-09 00:00:00	丙烷	华锦化学	23.5	23.7	0.0	1	
206		2014-04-09 00:00:00	丙烷	华锦化学	24.0	24.04	0.0	1	
207		2014-04-09 00:00:00	丙烷	宏源发燃气	15.0	15.18	0.0	1	
208		2014-04-09 00:00:00	丁烷	盐山县金燕	10.0	10.18	0.0	1	
209		2014-04-09 00:00:00	丁烷	雄县东宏	27.5	29.84	0.0	1	
240		2014-04-10 00:00:00	丁烷	盐山县金燕	23.5	26.82	0.0	1	
241		2014-04-10 00:00:00	丁烷	雄县东宏	27.5	29.38	0.0	1	
242		2014-04-10 00:00:00	丙烷	塔山石化	23.0	23.02	0.0	1	
243		2014-04-10 00:00:00	丙烷	沈阳双燃	22.0	21.88	0.0	1	
244		2014-04-10 00:00:00	丙烷	华锦化学	24.0	23.98	0.0	1	
245		2014-04-10 00:00:00	丙烷	华锦化学	23.5	23.92	0.0	1	
246		2014-04-10 00:00:00	轻油	精细化工	230.0	184.0	1464.8409	9	
247		2014-04-10 00:00:00	轻油	精细化工	230.0	225.52	1795.4065	11	
255		2014-04-11 00:00:00	丙烷	宏源发燃气	22.0	23.0	0.0	1	
256		2014-04-11 00:00:00	丙烷	华锦化学	24.0	23.9	0.0	1	
257		2014-04-11 00:00:00	丙烷	华锦化学	23.5	24.48	0.0	1	
258		2014-04-11 00:00:00	丁烷	雄县东宏	27.5	29.32	0.0	1	
259		2014-04-11 00:00:00	轻油	精细化工	230.0	221.16	1760.6895	11	
260		2014-04-11 00:00:00	轻油	精细化工	200.0	207.08	1648.6142	10	
263		2014-04-12 00:00:00	丙烷	华锦化学	23.5	24.02	0.0	1	
264		2014-04-12 00:00:00	丙烷	华锦化学	24.0	24.04	0.0	1	
265		2014-04-12 00:00:00	丙烷	塔山石化	23.0	23.16	0.0	1	
266		2014-04-12 00:00:00	丁烷	雄县东宏	27.5	28.9	0.0	1	
267		2014-04-12 00:00:00	丁烷	廊坊中信	22.0	21.94	0.0	1	
268		2014-04-12 00:00:00	轻油	精细化工	230.0	224.78	1787.2304	10	
269		2014-04-12 00:00:00	轻油	精细化工	200.0	202.42	1609.4319	11	
291		2014-04-13 00:00:00	轻油	精细化工	200.0	203.02	1616.2872	10	
292		2014-04-13 00:00:00	丙烷	沈阳双燃	22.0	21.9	0.0	1	
293		2014-04-13 00:00:00	丙烷	华锦化学	24.0	24.0	0.0	1	
294		2014-04-13 00:00:00	丙烷	华锦化学	23.5	23.62	0.0	1	
295		2014-04-13 00:00:00	轻油	精细化工	230.0	221.48	1763.2053	11	
311		2014-04-14 00:00:00	轻油	精细化工	200.0	225.6	1796.0354	11	
312		2014-04-14 00:00:00	丁烷	雄县东宏	27.5	29.72	0.0	1	
313		2014-04-14 00:00:00	丁烷	宏源发燃气	23.5	23.66	0.0	1	
314		2014-04-14 00:00:00	丙烷	塔山石化	23.0	23.06	0.0	1	
315		2014-04-14 00:00:00	丙烷	华锦化学	24.0	24.1	0.0	1	
316		2014-04-14 00:00:00	丙烷	华锦化学	23.5	23.96	0.0	1	
317		2014-04-14 00:00:00	轻油	精细化工	200.0	179.74	1430.9415	9	
327		2014-04-15 00:00:00	轻油	精细化工	200.0	220.06	1754.1487	11	
328		2014-04-15 00:00:00	轻油	精细化工	200.0	195.6	1559.1804	9	
329		2014-04-15 00:00:00	丙烷	爱军化工	24.0	22.98	0.0	1	
330		2014-04-15 00:00:00	丁烷	宏源发燃气	27.5	28.88	0.0	1	
331		2014-04-15 00:00:00	丁烷	宏源发燃气	24.0	23.52	0.0	1	
332		2014-04-15 00:00:00	丙烷	宏源发燃气	4.0	5.12	0.0	1	
333		2014-04-15 00:00:00	丙烷	华锦化学	23.5	23.64	0.0	1	
334		2014-04-15 00:00:00	丙烷	华锦化学	24.0	24.14	0.0	1	
335		2014-04-15 00:00:00	丁烷	雄县东宏	27.5	28.9	0.0	1	
336		2014-04-16 00:00:00	轻油	精细化工	200.0	215.58	1711.9475	10	
337		2014-04-16 00:00:00	轻油	精细化工	200.0	197.0	1564.4005	9	
338		2014-04-16 00:00:00	丁烷	宏源发燃气	26.0	26.64	0.0	1	
339		2014-04-16 00:00:00	丁烷	宏源发燃气	24.0	24.8	0.0	1	
340		2014-04-16 00:00:00	丙烷	华锦化学	23.5	23.8	0.0	1	
341		2014-04-16 00:00:00	丙烷	华锦化学	24.0	24.14	0.0	1	
342		2014-04-16 00:00:00	丙烷	华锦化学	24.0	23.86	0.0	1	
343		2014-04-16 00:00:00	丙烷	沈阳双燃	22.0	22.24	0.0	1	
344		2014-04-16 00:00:00	丙烷	塔山石化	23.0	22.82	0.0	1	
345	JZ140437	2014-04-17 00:00:00	轻油	精细化工	200.0	237.36	1887.2931	11	
346	JZ140438	2014-04-17 00:00:00	轻油	精细化工	200.0	160.08	1272.8285	8	
347	2937	2014-04-17 00:00:00	丁烷	宏源发燃气	24.0	28.52	0.0	1	
348	2932	2014-04-17 00:00:00	丙烷	葫芦岛液	18.0	18.04	0.0	1	
349	2934	2014-04-17 00:00:00	丙烷	华锦化学	23.5	23.92	0.0	1	
350	2935	2014-04-17 00:00:00	丙烷	华锦化学	24.0	23.96	0.0	1	
351	2933	2014-04-17 00:00:00	丙烷	华锦化学	24.0	24.04	0.0	1	
352	2936	2014-04-17 00:00:00	丁烷	雄县东宏	27.5	29.28	0.0	1	
353	JZ140439	2014-04-18 00:00:00	轻油	精细化工	200.0	237.68	1889.8089	11	
354	JZ140440	2014-04-18 00:00:00	轻油	精细化工	200.0	178.28	1417.5453	8	
355	2938	2014-04-18 00:00:00	丙烷	华锦化学	24.0	23.72	0.0	1	
356	2940	2014-04-18 00:00:00	丙烷	华锦化学	24.0	23.98	0.0	1	
357	2939	2014-04-18 00:00:00	丙烷	华锦化学	23.5	24.08	0.0	1	
358	2942	2014-04-18 00:00:00	丁烷	雄县东宏	27.5	29.48	0.0	1	
359	2941	2014-04-18 00:00:00	丁烷	盐山县金燕	23.5	27.5	0.0	1	
360	JZ140441	2014-04-19 00:00:00	轻油	精细化工	200.0	237.36	1889.6831	11	
361	JZ140442	2014-04-19 00:00:00	轻油	精细化工	200.0	140.16	1115.8476	7	
362	2945	2014-04-19 00:00:00	液化气	宏源发燃气	24.0	29.02	0.0	1	
363	2943	2014-04-19 00:00:00	丙烷	华锦化学	23.5	23.84	0.0	1	
364	2944	2014-04-19 00:00:00	丙烷	华锦化学	24.0	24.42	0.0	1	
365	2947	2014-04-19 00:00:00	丙烷	桥盛隆	23.5	23.04	0.0	1	
366	2946	2014-04-19 00:00:00	丙烷	沈阳双燃	22.0	22.22	0.0	1	
367	jz140443	2014-04-20 00:00:00	轻油	精细化工	100.0	134.0	1066.7911	6	
368	jz140444	2014-04-20 00:00:00	轻油	精细化工	260.0	234.12	1863.8341	11	
369	2949	2014-04-20 00:00:00	丙烷	华锦化学	24.0	23.96	0.0	1	
370	2950	2014-04-20 00:00:00	丙烷	华锦化学	23.5	23.98	0.0	1	
371	2948	2014-04-20 00:00:00	丙烷	桥盛隆	24.0	24.06	0.0	1	
388	jz140445	2014-04-21 00:00:00	轻油	精细化工	260.0	233.58	1857.2303	11	
389	jz140446	2014-04-21 00:00:00	轻油	精细化工	100.0	133.94	1064.9672	6	
390	2955	2014-04-21 00:00:00	丁烷	爱军化工	24.0	25.52	0.0	1	
391	2952	2014-04-21 00:00:00	丙烷	华锦化学	24.0	24.1	0.0	1	
392	2953	2014-04-21 00:00:00	丙烷	华锦化学	23.5	23.98	0.0	1	
393	2951	2014-04-21 00:00:00	丙烷	桥盛隆	24.0	24.38	0.0	1	
394	2954	2014-04-21 00:00:00	丁烷	雄县东宏	27.5	28.92	0.0	1	
395	2956	2014-04-21 00:00:00	丙烷	盐山县金燕	15.0	14.84	0.0	1	
396	2959	2014-04-22 00:00:00	丙烷	宏源发燃气	24.0	24.5	0.0	1	
397	2961	2014-04-22 00:00:00	丙烷	华锦化学	23.5	23.66	0.0	1	
398	2960	2014-04-22 00:00:00	丙烷	华锦化学	24.0	23.92	0.0	1	
399	2957	2014-04-22 00:00:00	丙烷	沈阳双燃	22.0	21.9	0.0	1	
400	2958	2014-04-22 00:00:00	丁烷	雄县东宏	27.5	29.28	0.0	1	
401	2962	2014-04-22 00:00:00	丁烷	盐山县金燕	24.0	29.0	0.0	1	
404	2967	2014-04-23 00:00:00	丁烷	朝顺达	27.5	28.8	0.0	1	
405	2966	2014-04-23 00:00:00	丁烷	朝顺达	20.0	20.96	0.0	1	
406	2965	2014-04-23 00:00:00	丙烷	华锦化学	23.5	24.1	0.0	1	
407	2964	2014-04-23 00:00:00	丙烷	华锦化学	24.0	23.82	0.0	1	
408	2963	2014-04-23 00:00:00	丁烷	雄县东宏	27.5	28.9	0.0	1	
409	jz140448	2014-04-23 00:00:00	轻油	精细化工	100.0	59.02	469.8736	3	
410	jz140447	2014-04-23 00:00:00	轻油	精细化工	200.0	234.0	1862.8907	11	
411		2014-04-24 00:00:00	轻油	精细化工	200.0	197.02	1568.4885	9	
412		2014-04-24 00:00:00	轻油	精细化工	200.0	233.96	1862.5762	11	
413		2014-04-24 00:00:00	丁烷	宏源发燃气	27.5	28.02	0.0	1	
414		2014-04-24 00:00:00	丁烷	雄县东宏	27.5	29.54	0.0	1	
415		2014-04-24 00:00:00	丙烷	华锦化学	24.0	23.8	0.0	1	
416		2014-04-24 00:00:00	丙烷	华锦化学	23.5	23.96	0.0	1	
428		2014-04-25 00:00:00	轻油	精细化工	200.0	217.1	1728.3625	11	
429		2014-04-25 00:00:00	轻油	精细化工	200.0	180.18	1434.4635	9	
430		2014-04-25 00:00:00	丙烷	华锦化学	23.5	23.82	0.0	1	
431		2014-04-25 00:00:00	丙烷	华锦化学	24.0	24.0	0.0	1	
432		2014-04-25 00:00:00	丙烷	沈阳双燃	22.0	22.18	0.0	1	
440		2014-04-26 00:00:00	轻油	精细化工	220.0	177.1	1409.9353	9	
441		2014-04-26 00:00:00	轻油	精细化工	200.0	221.6	1764.2115	11	
442		2014-04-26 00:00:00	丙烷	宏源发燃气	7.0	7.04	0.0	1	
443		2014-04-26 00:00:00	丙烷	华锦化学	24.0	24.44	0.0	1	
444		2014-04-26 00:00:00	丙烷	华锦化学	23.5	23.76	0.0	1	
445		2014-04-26 00:00:00	丙烷	华锦化学	24.0	23.9	0.0	1	
446		2014-04-26 00:00:00	丁烷	宏源发燃气	20.0	19.44	0.0	1	
452	JZ140456	2014-04-27 00:00:00	轻油	精细化工	100.0	225.14	1790.1235	11	
453	ZJ140455	2014-04-27 00:00:00	轻油	精细化工	200.0	217.56	1729.8091	11	
454		2014-04-27 00:00:00	丙烷	华锦化学	24.0	23.96	0.0	1	
455		2014-04-27 00:00:00	丙烷	华锦化学	24.0	24.4	0.0	1	
456		2014-04-27 00:00:00	丙烷	华锦化学	23.5	23.64	0.0	1	
457	JZ140458	2014-04-28 00:00:00	轻油	精细化工	200.0	139.88	1112.1998	7	
458	JZ140457	2014-04-28 00:00:00	轻油	精细化工	200.0	225.38	1792.0102	11	
459		2014-04-28 00:00:00	丙烷	华锦化学	23.5	24.02	0.0	1	
460		2014-04-28 00:00:00	丙烷	华锦化学	24.0	24.4	0.0	1	
461		2014-04-28 00:00:00	丙烷	华锦化学	24.0	24.08	0.0	1	
462		2014-04-28 00:00:00	丙烷	沈阳双燃	22.0	22.08	0.0	1	
463	JZ140461	2014-04-29 00:00:00	轻油	精细化工	200.0	181.66	1444.4006	9	
464	JZ140460	2014-04-29 00:00:00	轻油	精细化工	200.0	224.98	1788.8027	11	
465		2014-04-29 00:00:00	丙烷	华锦化学	24.0	24.36	0.0	1	
466		2014-04-29 00:00:00	丙烷	华锦化学	23.5	23.88	0.0	1	
467		2014-04-29 00:00:00	丙烷	华锦化学	24.0	23.62	0.0	1	
468		2014-04-29 00:00:00	丙烷	宏源发燃气	8.0	8.16	0.0	1	
469		2014-04-29 00:00:00	丙烷	三辉化工	23.5	23.7	0.0	1	
470		2014-04-29 00:00:00	丁烷	宏源发燃气	27.0	28.82	0.0	1	
471		2014-04-29 00:00:00	丁烷	宏源发燃气	20.0	19.72	0.0	1	
472		2014-04-29 00:00:00	丁烷	雄县东宏	27.5	28.96	0.0	1	
473		2014-04-29 00:00:00	丁烷	盐山县金燕	23.0	23.56	0.0	1	
474	JZ140464	2014-04-30 00:00:00	轻油	精细化工	220.0	77.24	614.1501	4	
475	JZ140463	2014-04-30 00:00:00	轻油	精细化工	230.0	228.92	1820.1863	11	
476		2014-04-30 00:00:00	丁烷	宏源发燃气	16.0	16.52	0.0	1	
477		2014-04-30 00:00:00	丙烷	华锦化学	24.0	24.02	0.0	1	
478		2014-04-30 00:00:00	丙烷	华锦化学	24.0	24.06	0.0	1	
479		2014-04-30 00:00:00	丙烷	塔山石化	23.0	22.9	0.0	1	
480		2014-04-30 00:00:00	丙烷	三辉化工	13.0	13.1	0.0	1	
481	JZ140502	2014-05-01 00:00:00	轻油	精细化工	220.0	121.78	968.3006	6	
482	JZ140501	2014-05-01 00:00:00	轻油	精细化工	230.0	221.42	1760.5009	11	
483		2014-05-01 00:00:00	丁烷	廊坊中信	27.5	28.88	0.0	1	
484		2014-05-01 00:00:00	丁烷	盐山县金燕	27.0	29.02	0.0	1	
485		2014-05-01 00:00:00	丁烷	廊坊中信	27.5	29.04	0.0	1	
486		2014-05-01 00:00:00	丁烷	塔山石化	23.0	21.08	0.0	1	
487		2014-05-01 00:00:00	丙烷	华锦化学	24.0	24.02	0.0	1	
488		2014-05-01 00:00:00	丙烷	华锦化学	24.0	23.92	0.0	1	
503	JZ140507	2014-05-03 00:00:00	轻油	精细化工	220.0	226.88	1803.9599	11	
509		2014-05-02 00:00:00	丙烷	华锦化学	24.0	23.88	0.0	1	
510		2014-05-02 00:00:00	丙烷	华锦化学	24.0	24.06	0.0	1	
511		2014-05-02 00:00:00	丙烷	葫芦岛液	18.0	18.5	0.0	1	
512		2014-05-02 00:00:00	丁烷	朝顺达	27.5	28.56	0.0	1	
513		2014-05-02 00:00:00	丁烷	朝顺达	27.5	28.94	0.0	1	
514		2014-05-02 00:00:00	丁烷	朝顺达	25.0	28.46	0.0	1	
515	JZ140503	2014-05-02 00:00:00	轻油	精细化工	230.0	225.34	1791.6958	11	
504	JZ140506	2014-05-03 00:00:00	轻油	精细化工	230.0	221.7	1762.765	11	
505		2014-05-03 00:00:00	丙烷	华锦化学	24.0	23.84	0.0	1	
506		2014-05-03 00:00:00	丙烷	华锦化学	24.0	23.8	0.0	1	
507		2014-05-03 00:00:00	丙烷	宏源发燃气	5.0	6.22	0.0	1	
508		2014-05-03 00:00:00	丁烷	宏源发燃气	20.0	20.2	0.0	1	
516	JZ140504	2014-05-02 00:00:00	轻油	精细化工	220.0	180.62	1436.0988	9	
517	JZ140508	2014-05-04 00:00:00	轻油	精细化工	220.0	122.22	971.7597	6	
518	JZ140507	2014-05-04 00:00:00	轻油	精细化工	230.0	226.3	1799.3058	11	
519		2014-05-04 00:00:00	丁烷	盐山县金燕	27.5	29.28	0.0	1	
520		2014-05-04 00:00:00	丙烷	华锦化学	24.0	23.98	0.0	1	
521		2014-05-04 00:00:00	丙烷	华锦化学	24.0	23.72	0.0	1	
522		2014-05-04 00:00:00	丙烷	沈阳双燃	22.0	22.22	0.0	1	
523		2014-05-04 00:00:00	丙烷	塔山石化	23.0	23.24	0.0	1	
524		2014-05-04 00:00:00	丙烷	宏源发燃气	14.0	14.48	0.0	1	
525	JZ140510	2014-05-05 00:00:00	轻油	精细化工	200.0	207.82	1652.3878	10	
526	JZ140509	2014-05-05 00:00:00	轻油	精细化工	220.0	222.62	1770.0606	11	
527		2014-05-05 00:00:00	丙烷	华锦化学	24.0	23.9	0.0	1	
528		2014-05-05 00:00:00	丁烷	恒利	27.0	26.68	0.0	1	
529		2014-05-05 00:00:00	丁烷	盐山县金燕	27.5	29.72	0.0	1	
530		2014-05-05 00:00:00	丁烷	盐山县金燕	27.0	29.5	0.0	1	
531		2014-05-05 00:00:00	丁烷	爱军化工	15.0	14.78	0.0	1	
532	JZ140512	2014-05-06 00:00:00	轻油	精细化工	230.0	222.32	1769.9348	11	
533	JZ140513	2014-05-06 00:00:00	轻油	精细化工	200.0	207.3	1648.2369	10	
534		2014-05-06 00:00:00	丙烷	宏源发燃气	6.0	6.58	0.0	1	
535		2014-05-06 00:00:00	丙烷	华锦化学	24.0	23.84	0.0	1	
536		2014-05-06 00:00:00	丙烷	华锦化学	24.0	23.64	0.0	1	
537		2014-05-06 00:00:00	丙烷	塔山石化	23.0	23.14	0.0	1	
538		2014-05-06 00:00:00	丁烷	廊坊中信	22.0	22.24	0.0	1	
539		2014-05-06 00:00:00	丁烷	盐山县金燕	26.0	25.76	0.0	1	
540		2014-05-06 00:00:00	丁烷	盐山县金燕	20.0	19.76	0.0	1	
541		2014-05-06 00:00:00	丁烷	盐山县金燕	27.5	29.38	0.0	1	
542		2014-05-06 00:00:00	丁烷	爱军化工	14.0	14.6	0.0	1	
551	JZ140514	2014-05-07 00:00:00	轻油	精细化工	230.0	222.28	1769.6203	11	
552	JZ140515	2014-05-07 00:00:00	轻油	精细化工	220.0	122.3	973.6465	6	
553		2014-05-07 00:00:00	丙烷	华锦化学	24.0	23.86	0.0	1	
554		2014-05-07 00:00:00	丙烷	华锦化学	24.0	23.96	0.0	1	
555		2014-05-07 00:00:00	丙烷	沈阳双燃	22.0	22.46	0.0	1	
556		2014-05-07 00:00:00	丙烷	葫芦岛液	23.0	23.16	0.0	1	
557		2014-05-07 00:00:00	丁烷	大洼县恒利	27.0	26.36	0.0	1	
558		2014-05-07 00:00:00	液化气	盐山县金燕	27.5	29.3	0.0	1	
566		2014-05-08 00:00:00	轻油	精细化工	220.0	181.26	1441.1931	9	
567		2014-05-08 00:00:00	轻油	精细化工	230.0	226.24	1798.8656	11	
568		2014-05-08 00:00:00	丁烷	雄县东宏	27.5	29.16	0.0	1	
569		2014-05-08 00:00:00	丁烷	三辉化工	24.0	22.14	0.0	1	
570		2014-05-08 00:00:00	丙烷	华锦化学	24.0	24.26	0.0	1	
571		2014-05-08 00:00:00	丙烷	华锦化学	24.0	23.82	0.0	1	
572		2014-05-08 00:00:00	丙烷	塔山石化	23.0	23.2	0.0	1	
683	JZ140521	2014-05-09 00:00:00	轻油	精细化工	70.0	58.7	466.729	3	
684	JZ140520	2014-05-09 00:00:00	轻油	精细化工	200.0	221.44	1760.6895	11	
685		2014-05-09 00:00:00	丙烷	三辉化工	24.0	23.96	0.0	1	
686		2014-05-09 00:00:00	丙烷	华锦化学	24.0	24.04	0.0	1	
687		2014-05-09 00:00:00	丙烷	华锦化学	24.0	24.02	0.0	1	
688		2014-05-09 00:00:00	丙烷	华锦化学	24.0	23.78	0.0	1	
689		2014-05-09 00:00:00	丁烷	雄县东宏	27.5	29.48	0.0	1	
690		2014-05-09 00:00:00	液化气	爱军化工	14.0	14.52	0.0	1	
691	JZ140519	2014-05-09 00:00:00	轻油	精细化工	230.0	222.18	1766.5386	11	
799		2014-05-10 00:00:00	丁烷	雄县东宏	27.5	29.06	0.0	1	
800		2014-05-10 00:00:00	丙烷	塔山石化	23.0	22.84	0.0	1	
801		2014-05-10 00:00:00	丙烷	沈阳双燃	22.0	21.94	0.0	1	
802		2014-05-10 00:00:00	丙烷	华锦化学	24.0	24.42	0.0	1	
803		2014-05-10 00:00:00	丙烷	宏源发燃气	24.0	23.96	0.0	1	
804		2014-05-10 00:00:00	丙烷	华锦化学	24.0	24.02	0.0	1	
805		2014-05-10 00:00:00	丙烷	华锦化学	24.0	24.04	0.0	1	
806	JZ140523	2014-05-10 00:00:00	轻油	精细化工	230.0	184.26	1466.9164	9	
808	JZ140522	2014-05-10 00:00:00	轻油	精细化工	220.0	221.06	1759.8719	11	
809	JZ140524	2014-05-11 00:00:00	轻油	精细化工	180.0	225.78	1797.4819	11	
810	JZ140525	2014-05-11 00:00:00	轻油	精细化工	200.0	184.86	1471.6962	9	
811		2014-05-11 00:00:00	丁烷	朝顺达	24.5	29.92	0.0	1	
812		2014-05-11 00:00:00	丁烷	朝顺达	24.5	28.9	0.0	1	
813		2014-05-11 00:00:00	丙烷	华锦化学	24.0	24.1	0.0	1	
814		2014-05-11 00:00:00	丙烷	华锦化学	24.0	23.78	0.0	1	
815		2014-05-11 00:00:00	丙烷	华锦化学	24.0	24.18	0.0	1	
816		2014-05-11 00:00:00	丙烷	盐山县金燕	15.0	14.76	0.0	1	
817		2014-05-11 00:00:00	丁烷	盐山县金燕	27.5	28.82	0.0	1	
818	JZ140526	2014-05-12 00:00:00	轻油	精细化工	160.0	230.04	1831.3813	11	
819	JZ140527	2014-05-12 00:00:00	轻油	精细化工	200.0	122.24	973.1434	6	
820		2014-05-12 00:00:00	丙烷	宏源发燃气	6.0	6.78	0.0	1	
821		2014-05-12 00:00:00	丙烷	华锦化学	24.0	23.98	0.0	1	
822		2014-05-12 00:00:00	丙烷	华锦化学	24.0	23.84	0.0	1	
823		2014-05-12 00:00:00	丙烷	塔山石化	23.0	22.82	0.0	1	
824		2014-05-12 00:00:00	丁烷	廊坊中信	22.0	22.08	0.0	1	
825		2014-05-12 00:00:00	丁烷	恒利液化	27.0	26.92	0.0	1	
834	JZ140528	2014-05-13 00:00:00	轻油	精细化工	200.0	225.64	1796.3499	11	
835	JZ140529	2014-05-13 00:00:00	轻油	精细化工	160.0	140.2	1116.162	7	
836		2014-05-13 00:00:00	丁烷	爱军化工	24.0	25.42	0.0	1	
837		2014-05-13 00:00:00	丙烷	华锦化学	24.0	23.96	0.0	1	
838		2014-05-13 00:00:00	丙烷	华锦化学	24.0	23.88	0.0	1	
839		2014-05-13 00:00:00	丙烷	沈阳双燃	22.0	22.2	0.0	1	
840		2014-05-13 00:00:00	丁烷	廊坊中信	27.5	28.12	0.0	1	
841		2014-05-13 00:00:00	液化气	爱军化工	16.0	16.14	0.0	1	
842	JZ140530	2014-05-14 00:00:00	轻油	精细化工	160.0	202.64	1607.1677	10	
843	JZ140531	2014-05-14 00:00:00	轻油	精细化工	200.0	180.56	1432.0107	9	
844		2014-05-14 00:00:00	丙烷	华锦化学	24.0	23.82	0.0	1	
845		2014-05-14 00:00:00	丙烷	华锦化学	24.0	23.9	0.0	1	
846		2014-05-14 00:00:00	丙烷	塔山石化	23.0	22.94	0.0	1	
847		2014-05-14 00:00:00	丁烷	雄县东宏	27.5	28.78	0.0	1	
848		2014-05-14 00:00:00	丁烷	恒利液化	27.0	27.0	0.0	1	
849	JZ140532	2014-05-15 00:00:00	轻油	精细化工	160.0	223.42	1774.2115	11	
850	JZ140533	2014-05-15 00:00:00	轻油	精细化工	200.0	183.68	1458.6145	9	
851		2014-05-15 00:00:00	丙烷	华锦化学	24.0	23.64	0.0	1	
852		2014-05-15 00:00:00	丙烷	华锦化学	24.0	23.86	0.0	1	
854	JZ140535	2014-05-16 00:00:00	轻油	精细化工	160.0	158.74	1258.9921	8	
855		2014-05-16 00:00:00	丁烷	北油燃气	23.6	23.58	0.0	1	
856		2014-05-16 00:00:00	丙烷	华锦化学	24.0	24.06	0.0	1	
857		2014-05-16 00:00:00	丙烷	华锦化学	24.0	24.04	0.0	1	
858		2014-05-16 00:00:00	丙烷	沈阳双燃	22.0	22.14	0.0	1	
859		2014-05-16 00:00:00	丙烷	塔山石化	23.0	23.16	0.0	1	
860		2014-05-16 00:00:00	丁烷	盐山县金燕	27.8	28.5	0.0	1	
861		2014-05-16 00:00:00	丁烷	廊坊中信	27.5	28.86	0.0	1	
862	JZ140534	2014-05-16 00:00:00	轻油	精细化工	200.0	225.68	1789.8719	11	
863		2014-05-17 00:00:00	轻油	精细化工	50.0	166.46	1321.8851	8	JZ140535
864		2014-05-17 00:00:00	轻油	精细化工	200.0	221.74	1760.8153	11	JZ140536
865		2014-05-17 00:00:00	丙烷	宏源发燃气	24.0	24.0	0.0	1	
866		2014-05-17 00:00:00	丙烷	华锦化学	24.0	24.54	0.0	1	
867		2014-05-17 00:00:00	丙烷	华锦化学	24.0	23.96	0.0	1	
872	JZ140529	2014-05-18 00:00:00	轻油	精细化工	200.0	226.22	1800.9411	11	
873	JZ140540	2014-05-18 00:00:00	轻油	精细化工	180.0	162.82	1296.2247	8	
874		2014-05-18 00:00:00	丙烷	华锦化学	24.0	23.78	0.0	1	
875		2014-05-18 00:00:00	丙烷	华锦化学	24.0	23.88	0.0	1	
876		2014-05-18 00:00:00	丁烷	唐山中油	27.0	27.78	0.0	1	
877	JZ140541	2014-05-19 00:00:00	轻油	精细化工	180.0	203.5	1611.9476	10	
878		2014-05-19 00:00:00	丙烷	华锦化学	24.0	23.9	0.0	1	
879		2014-05-19 00:00:00	丙烷	沈阳双燃	22.0	22.66	0.0	1	
880		2014-05-19 00:00:00	丙烷	塔山石化	23.0	23.08	0.0	1	
881		2014-05-19 00:00:00	丁烷	唐山中油	27.0	28.56	0.0	0	
882		2014-05-19 00:00:00	丁烷	波海石化	28.0	27.72	0.0	1	
883		2014-05-19 00:00:00	丁烷	波海石化	28.0	27.98	0.0	1	
884	JZ140543	2014-05-20 00:00:00	轻油	精细化工	200.0	200.18	1579.6835	10	
885	JZ140544	2014-05-20 00:00:00	轻油	精细化工	100.0	100.1	789.9361	5	
886		2014-05-20 00:00:00	丁烷	葫芦岛液	23.0	23.24	0.0	1	
887		2014-05-20 00:00:00	丁烷	华锦化学	24.0	24.02	0.0	1	
888		2014-05-20 00:00:00	丙烷	盐山县金燕	27.0	28.18	0.0	1	
889		2014-05-20 00:00:00	丙烷	恒利液化	27.5	28.26	0.0	1	
896	JZ140526	2014-05-21 00:00:00	轻油	精细化工	100.0	118.3	941.8227	6	
897	JZ140545	2014-05-21 00:00:00	轻油	精细化工	200.0	217.6	1732.3248	11	
898		2014-05-21 00:00:00	丙烷	华锦化学	24.0	24.18	0.0	1	
899		2014-05-21 00:00:00	丁烷	塔山石化	23.0	23.08	0.0	1	
900		2014-05-21 00:00:00	丙烷	盐山县金燕	24.0	22.46	0.0	1	
901		2014-05-21 00:00:00	丁烷	盐山县金燕	27.5	28.62	0.0	1	
902		2014-05-21 00:00:00	丁烷	爱军化工	24.0	25.36	0.0	1	
903	JZ140547	2014-05-22 00:00:00	轻油	精细化工	200.0	184.24	1474.2119	9	
904	JZ140548	2014-05-22 00:00:00	轻油	精细化工	50.0	122.4	979.4327	6	
905		2014-05-22 00:00:00	丙烷	华锦化学	24.0	23.68	0.0	1	
906		2014-05-22 00:00:00	丙烷	沈阳双燃	22.0	21.74	0.0	1	
907		2014-05-22 00:00:00	丙烷	塔山石化	23.0	23.12	0.0	1	
908		2014-05-22 00:00:00	丁烷	盐山县金燕	27.0	27.16	0.0	1	
909		2014-05-22 00:00:00	丁烷	盐山县金燕	26.0	25.5	0.0	1	
910	810	2014-05-23 00:00:00	丙烷	华锦化学	24.0	24.0	0.0	1	
911	809	2014-05-23 00:00:00	丙烷	华锦化学	24.0	23.9	0.0	1	
912	807	2014-05-23 00:00:00	丁烷	塔山石化	23.0	22.6	0.0	1	
913	808	2014-05-23 00:00:00	丁烷	盐山县金燕	27.5	28.5	0.0	1	
939	813	2014-05-24 00:00:00	丁烷	恒利	27.5	27.5	0.0	1	
940	814	2014-05-24 00:00:00	丁烷	盐山县金燕	27.5	28.64	0.0	1	
941	815	2014-05-24 00:00:00	丙烷	华锦化学	24.0	24.02	0.0	1	
942	812	2014-05-24 00:00:00	丙烷	华锦化学	24.0	23.64	0.0	1	
943	811	2014-05-24 00:00:00	丙烷	塔山石化	23.0	23.26	0.0	1	
944	817	2014-05-25 00:00:00	丙烷	华锦化学	24.0	23.88	0.0	1	
945	818	2014-05-25 00:00:00	丙烷	华锦化学	24.0	24.02	0.0	1	
946	819	2014-05-25 00:00:00	丙烷	华锦化学	24.0	23.62	0.0	1	
947	823	2014-05-25 00:00:00	丙烷	唐山中油	9.0	9.56	0.0	1	
948	816	2014-05-25 00:00:00	丙烷	沈阳双燃	22.0	21.74	0.0	1	
949	820	2014-05-25 00:00:00	丁烷	盐山县金燕	24.0	27.34	0.0	1	
950	822	2014-05-25 00:00:00	丁烷	盐山县金燕	10.0	10.44	0.0	1	
951	821	2014-05-25 00:00:00	丁烷	盐山县金燕	18.0	18.38	0.0	1	
959	831	2014-05-26 00:00:00	丁烷	唐山中油	14.0	14.18	0.0	1	
960	830	2014-05-26 00:00:00	丁烷	唐山中油	14.0	15.16	0.0	1	
961	826	2014-05-26 00:00:00	丙烷	华锦化学	24.0	23.92	0.0	1	
962	827	2014-05-26 00:00:00	丙烷	华锦化学	24.0	23.92	0.0	1	
963	828	2014-05-26 00:00:00	丙烷	唐山中油	13.0	12.92	0.0	1	
964	824	2014-05-26 00:00:00	丙烷	塔山石化	23.0	23.48	0.0	1	
965	829	2014-05-26 00:00:00	丙烷	唐山中油	13.0	12.88	0.0	1	
966	JZ140549	2014-05-27 00:00:00	轻油	珠海石化	210.0	208.14	1665.4695	6	
967	833	2014-05-27 00:00:00	丙烷	华锦化学	24.0	24.18	0.0	1	
968	832	2014-05-27 00:00:00	丙烷	华锦通达	24.0	23.9	0.0	1	
969	835	2014-05-27 00:00:00	丙烷	唐山中油	25.0	24.8	0.0	2	
970	836	2014-05-27 00:00:00	丁烷	盐山县金燕	16.0	16.26	0.0	1	
971	834	2014-05-27 00:00:00	液化气	唐山中油	27.5	28.36	0.0	2	
972	JZ140550	2014-05-28 00:00:00	轻油	珠海石化	200.0	207.82	1662.8909	6	
973	JZ140551	2014-05-28 00:00:00	轻油	珠海石化	150.0	70.66	565.4081	2	
974	841	2014-05-28 00:00:00	丙烷	华锦化学	24.0	24.12	0.0	1	
975	838	2014-05-28 00:00:00	丙烷	华锦化学	24.0	23.42	0.0	1	
976	837	2014-05-28 00:00:00	丙烷	华锦化学	24.0	23.76	0.0	1	
977	840	2014-05-28 00:00:00	丙烷	沈阳双燃	22.0	21.86	0.0	1	
978	839	2014-05-28 00:00:00	丙烷	塔山石化	23.0	23.46	0.0	1	
979	JZ140552	2014-05-29 00:00:00	轻油	珠海石化	200.0	207.94	1663.8343	6	
980	JZ140553	2014-05-29 00:00:00	轻油	珠海石化	200.0	133.44	1067.7345	4	
981	845	2014-05-29 00:00:00	丙烷	华锦化学	24.0	23.64	0.0	1	
982	842	2014-05-29 00:00:00	丙烷	华锦化学	24.0	23.86	0.0	1	
983	843	2014-05-29 00:00:00	丁烷	盐山县金燕	27.5	27.68	0.0	1	
984	JZ140554	2014-05-30 00:00:00	轻油	珠海石化	200.0	201.98	1667.1048	6	
985	JZ140555	2014-05-30 00:00:00	轻油	珠海石化	200.0	196.38	1620.8784	6	
986	848	2014-05-30 00:00:00	丙烷	塔山石化	23.0	23.0	0.0	1	
987	847	2014-05-30 00:00:00	丙烷	华锦化学	24.0	23.44	0.0	1	
988	846	2014-05-30 00:00:00	丙烷	华锦化学	24.0	23.66	0.0	1	
989	851	2014-05-30 00:00:00	丁烷	盐山县金燕	22.0	21.98	0.0	1	
990	849	2014-05-30 00:00:00	丁烷	恒利	27.5	27.4	0.0	1	
991	JZ140556	2014-05-31 00:00:00	轻油	珠海石化	200.0	201.42	1662.4507	6	
992	JZ140557	2014-05-31 00:00:00	轻油	珠海石化	70.0	65.48	540.4395	2	
993	857	2014-05-31 00:00:00	丙烷	华锦化学	24.0	23.54	0.0	1	
994	852	2014-05-31 00:00:00	丙烷	华锦化学	24.0	23.84	0.0	1	
995	856	2014-05-31 00:00:00	丙烷	盐山县金燕	20.0	20.3	0.0	2	
996	855	2014-05-31 00:00:00	丁烷	盐山县金燕	27.5	33.94	0.0	2	
997	854	2014-05-31 00:00:00	液化气	塔山石化	23.0	23.08	0.0	1	
998	853	2014-05-31 00:00:00	液化气	塔山石化	23.0	23.12	0.0	1	
999	859	2014-06-02 00:00:00	丙烷	华锦化学	24.0	23.82	0.0	1	
1000	858	2014-06-02 00:00:00	丙烷	华锦化学	24.0	23.82	0.0	1	
1001	860	2014-06-02 00:00:00	丙烷	塔山石化	23.0	22.94	0.0	1	
1002	863	2014-06-03 00:00:00	丙烷	华锦化学	24.0	23.8	0.0	1	
1003	850	2014-06-03 00:00:00	丙烷	华锦化学	24.0	23.58	0.0	1	
1004	861	2014-06-03 00:00:00	液化气	塔山石化	23.0	23.2	0.0	1	
1005	862	2014-06-03 00:00:00	液化气	塔山石化	23.0	22.46	0.0	1	
1006	866	2014-06-03 00:00:00	液化气	盐山县金燕	27.0	26.82	0.0	1	
1007	877	2014-06-04 00:00:00	丙烷	华锦化学	24.0	23.78	0.0	1	
1008	867	2014-06-04 00:00:00	丙烷	华锦化学	24.0	23.78	0.0	1	
1009	874	2014-06-04 00:00:00	丙烷	沈阳双燃	22.0	21.74	0.0	1	
1010	876	2014-06-04 00:00:00	丙烷	廊坊中信	23.0	23.12	0.0	1	
1011	873	2014-06-04 00:00:00	丁烷	廊坊中信	26.0	26.04	0.0	1	
1012	870	2014-06-04 00:00:00	丁烷	爱军化工	24.0	24.8	0.0	1	
1013	872	2014-06-04 00:00:00	丁烷	廊坊中信	27.0	27.26	0.0	1	
1014	869	2014-06-04 00:00:00	液化气	塔山石化	23.0	23.7	0.0	1	
1015	868	2014-06-04 00:00:00	液化气	塔山石化	23.0	23.34	0.0	1	
1016	878	2014-06-04 00:00:00	液化气	塔山石化	23.0	22.76	0.0	1	
1017	879	2014-06-04 00:00:00	液化气	塔山石化	23.0	22.86	0.0	1	
1018	JZ14061	2014-06-05 00:00:00	轻油	珠海石化	140.0	130.64	1076.8539	4	
1019	883	2014-06-05 00:00:00	丙烷	塔山石化	23.0	22.64	0.0	1	
1020	881	2014-06-05 00:00:00	丙烷	华锦化学	24.0	23.72	0.0	1	
1021	882	2014-06-05 00:00:00	丙烷	华锦化学	24.0	23.62	0.0	1	
1022	880	2014-06-05 00:00:00	丁烷	恒利	27.5	28.28	0.0	1	
1023	886	2014-06-05 00:00:00	液化气	盐山县金燕	24.0	27.34	0.0	1	
1024	885	2014-06-05 00:00:00	液化气	盐山县金燕	27.5	27.12	0.0	1	
1025	jz140602	2014-06-06 00:00:00	轻油	精细化工	135.0	127.22	1074.0238	1	
1026	892	2014-06-06 00:00:00	丁烷	朝顺达	26.0	25.6	0.0	1	
1027	893	2014-06-06 00:00:00	丙烷	华锦化学	24.0	23.92	0.0	1	
1028	887	2014-06-06 00:00:00	丙烷	华锦化学	24.0	23.94	0.0	1	
1029	891	2014-06-06 00:00:00	丁烷	沈阳双燃	22.0	20.98	0.0	1	
1030	889	2014-06-06 00:00:00	液化气	塔山石化	23.0	24.06	0.0	1	
1031	890	2014-06-06 00:00:00	丙烷	塔山石化	23.0	23.52	0.0	1	
1032		2014-06-07 00:00:00	轻油	精细化工	135.0	129.04	1089.3697	1	
1033		2014-06-07 00:00:00	丁烷	爱军化工	24.0	24.9	0.0	1	
1034		2014-06-07 00:00:00	丙烷	华锦化学	24.0	23.76	0.0	1	
1035		2014-06-07 00:00:00	丙烷	华锦化学	24.0	24.28	0.0	1	
1036		2014-06-07 00:00:00	丁烷	沈阳双燃	22.0	21.64	0.0	1	
1037		2014-06-07 00:00:00	液化气	塔山石化	23.0	22.4	0.0	1	
1038		2014-06-07 00:00:00	丙烷	盐山县金燕	6.0	5.7	0.0	1	
1039		2014-06-07 00:00:00	液化气	盐山县金燕	22.0	22.3	0.0	1	
1040		2014-06-07 00:00:00	液化气	盐山县金燕	27.0	27.44	0.0	1	
1041	jz140604	2014-06-08 00:00:00	轻油	珠海石化	135.0	130.28	1083.8351	1	
1042		2014-06-08 00:00:00	丙烷	北油燃气	6.0	7.26	0.0	1	
1043		2014-06-08 00:00:00	丙烷	北油燃气	24.0	23.88	0.0	1	
1044		2014-06-08 00:00:00	液化气	北油燃气	23.0	23.58	0.0	1	
1045		2014-06-08 00:00:00	丙烷	华锦化学	24.0	23.48	0.0	1	
1046		2014-06-08 00:00:00	丁烷	沈阳双燃	22.0	21.34	0.0	1	
1047		2014-06-08 00:00:00	丁烷	盐山县金燕	27.0	27.96	0.0	1	
1048		2014-06-08 00:00:00	丁烷	盐山县金燕	26.0	28.24	0.0	1	
1049		2014-06-08 00:00:00	丁烷	廊坊中信	21.0	21.2	0.0	1	
1057		2014-06-09 00:00:00	轻油	珠海石化	270.0	265.22	2206.4122	1	
1058		2014-06-09 00:00:00	丙烷	葫芦岛液	23.0	22.8	0.0	1	
1059		2014-06-09 00:00:00	丙烷	华锦化学	24.0	23.76	0.0	1	
1060		2014-06-09 00:00:00	丙烷	华锦化学	24.0	23.88	0.0	1	
1061		2014-06-09 00:00:00	丁烷	沈阳双燃	22.0	21.74	0.0	1	
1062		2014-06-09 00:00:00	液化气	盐山县金燕	20.0	20.76	0.0	1	
1063		2014-06-09 00:00:00	丁烷	盐山县金燕	24.0	23.74	0.0	1	
1064		2014-06-10 00:00:00	轻油	珠海石化	200.0	191.06	1630.4381	1	
1065		2014-06-10 00:00:00	轻油	珠海石化	150.0	130.44	1113.1432	1	
1066		2014-06-10 00:00:00	丁烷	盐山县金燕	27.0	28.18	0.0	1	
1067		2014-06-10 00:00:00	丁烷	沈阳双燃	22.0	21.88	0.0	1	
1068		2014-06-10 00:00:00	丙烷	塔山石化	23.0	23.18	0.0	1	
1069		2014-06-10 00:00:00	丙烷	盐山县金燕	24.0	25.12	0.0	1	
1075		2014-06-11 00:00:00	轻油	珠海石化	200.0	194.3	1658.1111	1	
1076		2014-06-11 00:00:00	轻油	珠海石化	180.0	62.22	530.9427	1	
1077		2014-06-11 00:00:00	丁烷	沈阳双燃	22.0	22.26	0.0	1	
1078		2014-06-11 00:00:00	丙烷	塔山石化	23.0	23.34	0.0	1	
1079		2014-06-11 00:00:00	丙烷	盐山县金燕	24.0	25.4	0.0	1	
1080		2014-06-12 00:00:00	轻油	珠海石化	200.0	197.42	1675.5953	1	
1081		2014-06-12 00:00:00	丁烷	沈阳双燃	22.0	21.68	0.0	1	
1082		2014-06-12 00:00:00	丙烷	塔山石化	23.0	22.84	0.0	1	
1083		2014-06-12 00:00:00	丙烷	盐山县金燕	12.0	10.58	0.0	1	
1084		2014-06-12 00:00:00	丙烷	盐山县金燕	12.0	11.36	0.0	1	
1085		2014-06-12 00:00:00	丁烷	盐山县金燕	16.0	16.36	0.0	1	
1086		2014-06-12 00:00:00	丁烷	盐山县金燕	16.0	16.14	0.0	1	
1087		2014-06-12 00:00:00	丙烷	唐山中油	8.0	7.04	0.0	1	
1088		2014-06-12 00:00:00	丁烷	唐山中油	16.0	20.54	0.0	1	
1089		2014-06-15 00:00:00	轻油	珠海石化	35.0	33.6	285.1569	1	
1091	20140611	2014-06-16 00:00:00	轻油	珠海石化	240.0	228.66	1940.7522	7	
1092		2014-06-18 00:00:00	轻油	珠海石化	270.0	262.6	2228.865	1	
1093	JZ062013	2014-06-20 00:00:00	轻油	珠海石化	220.0	229.36	1941.444	7	
1094		2014-06-20 00:00:00	丙烷	盐山县金燕	23.0	22.88	0.0	1	
1095		2014-06-20 00:00:00	丁烷	爱军化工	14.0	14.06	0.0	1	
1096		2014-06-20 00:00:00	丁烷	盐山县金燕	26.0	26.48	0.0	1	
1109		2014-06-21 00:00:00	丙烷	爱军化工	14.0	14.3	0.0	1	
1110		2014-06-21 00:00:00	丙烷	盐山县金燕	8.0	6.32	0.0	1	
1111		2014-06-21 00:00:00	丙烷	塔山石化	23.0	22.78	0.0	1	
1112		2014-06-21 00:00:00	丁烷	盐山县金燕	18.0	21.28	0.0	1	
1113	JZ061422	2014-06-22 00:00:00	轻油	珠海石化	200.0	195.4	1654.023	6	
1114		2014-06-22 00:00:00	丁烷	盐山县金燕	20.0	21.44	0.0	1	
1115		2014-06-22 00:00:00	丁烷	塔山石化	23.0	23.84	0.0	1	
1120		2014-06-23 00:00:00	丙烷	盐山县金燕	15.0	14.72	0.0	1	
1121		2014-06-23 00:00:00	丙烷	塔山石化	23.0	23.14	0.0	1	
1122		2014-06-23 00:00:00	丙烷	爱军化工	22.0	23.46	0.0	1	
1123		2014-06-23 00:00:00	丁烷	盐山县金燕	20.0	21.96	0.0	1	
1124		2014-06-23 00:00:00	丁烷	塔山石化	23.0	23.22	0.0	1	
1125	JZ140615	2014-06-24 00:00:00	轻油	珠海石化	0.0	160.5	1375.2183	5	
1126		2014-06-24 00:00:00	丙烷	盐山县金燕	23.0	22.92	0.0	1	
1127		2014-06-24 00:00:00	丁烷	塔山石化	23.0	22.78	0.0	1	
1128		2014-06-24 00:00:00	丁烷	盐山县金燕	10.0	14.12	0.0	1	
1129		2014-06-25 00:00:00	丙烷	塔山石化	23.0	23.1	0.0	1	
1130		2014-06-25 00:00:00	丁烷	塔山石化	23.0	23.68	0.0	1	
1131		2014-06-25 00:00:00	丁烷	盐山县金燕	14.0	13.26	0.0	1	
1190	JZ14062616	2014-06-26 00:00:00	轻油	珠海石化	190.0	192.14	1646.3501	6	
1191		2014-06-26 00:00:00	丙烷	盘锦波海石化	28.0	26.7	0.0	1	
1192		2014-06-26 00:00:00	丙烷	爱军化工	26.0	24.58	0.0	1	
1193		2014-06-26 00:00:00	丙烷	天元燃气	28.0	26.68	0.0	1	
1194		2014-06-27 00:00:00	丙烷	盘锦波海石化	27.0	26.42	0.0	1	
1195		2014-06-27 00:00:00	丙烷	盐山县金燕	23.0	22.78	0.0	1	
1196		2014-06-27 00:00:00	丙烷	爱军化工	14.0	14.58	0.0	1	
1197		2014-06-27 00:00:00	丙烷	爱军化工	23.0	23.36	0.0	1	
1198		2014-06-27 00:00:00	丙烷	鞍山丰盛液化	24.0	22.98	0.0	1	
1199		2014-06-27 00:00:00	丁烷	盐山县金燕	13.0	14.5	0.0	1	
1200		2014-06-27 00:00:00	丁烷	盐山县金燕	27.0	26.68	0.0	1	
1201		2014-06-28 00:00:00	丙烷	盘锦波海石化	28.0	24.52	0.0	1	
1202		2014-06-28 00:00:00	丙烷	天元燃气	28.0	24.72	0.0	1	
1203		2014-06-28 00:00:00	丙烷	爱军化工	23.0	22.52	0.0	1	
1204		2014-06-28 00:00:00	丙烷	塔山石化	23.0	23.2	0.0	1	
1205		2014-06-28 00:00:00	丙烷	盐山县金燕	7.0	6.54	0.0	1	
1206		2014-06-28 00:00:00	丙烷	天元燃气	28.0	26.36	0.0	1	
1207		2014-06-28 00:00:00	丙烷	天元燃气	28.0	26.7	0.0	1	
1208		2014-06-28 00:00:00	丁烷	盐山县金燕	17.0	18.98	0.0	1	
1209		2014-06-28 00:00:00	丁烷	盐山县金燕	27.0	27.38	0.0	1	
1210	JZ140601	2014-06-29 00:00:00	轻油	精细化工	200.0	206.34	1770.438	11	
1211	JZ140602	2014-06-29 00:00:00	轻油	精细化工	160.0	92.7	795.4078	5	
1212		2014-06-29 00:00:00	丙烷	三辉化工	24.0	24.38	0.0	1	
1213		2014-06-29 00:00:00	丙烷	天元燃气	28.0	25.22	0.0	1	
1214		2014-06-29 00:00:00	丁烷	塔山石化	23.0	23.66	0.0	1	
1215		2014-06-29 00:00:00	丁烷	盐山县金燕	15.0	14.58	0.0	1	
1216	JZ140603	2014-06-30 00:00:00	轻油	精细化工	200.0	209.58	1798.2367	11	
1217	JZ140604	2014-06-30 00:00:00	轻油	精细化工	160.0	130.46	1119.3696	7	
1218		2014-06-30 00:00:00	丙烷	天元燃气	28.0	25.02	0.0	1	
1219		2014-06-30 00:00:00	丙烷	旗口宿东	27.0	24.64	0.0	1	
1220		2014-06-30 00:00:00	丙烷	盘锦波海石化	28.0	25.24	0.0	1	
1221		2014-06-30 00:00:00	丙烷	爱军化工	24.0	25.78	0.0	1	
1222		2014-06-30 00:00:00	丙烷	天元燃气	28.0	24.56	0.0	1	
1223		2014-06-30 00:00:00	丁烷	廊坊中信	20.0	20.22	0.0	1	
1224		2014-06-30 00:00:00	丁烷	廊坊中信	27.0	27.66	0.0	1	
1225		2014-06-30 00:00:00	丁烷	塔山石化	23.0	22.62	0.0	1	
1226	JZ140701	2014-07-01 00:00:00	轻油	精细化工	200.0	192.6	1645.784	10	
1227		2014-07-01 00:00:00	丙烷	爱军化工	24.0	24.88	0.0	1	
1228		2014-07-01 00:00:00	丙烷	爱军化工	14.0	14.18	0.0	1	
1229		2014-07-01 00:00:00	丙烷	天元燃气	28.0	14.26	0.0	1	
1230	JZ140703	2014-07-02 00:00:00	轻油	精细化工	200.0	188.72	1612.6394	10	
1231		2014-07-02 00:00:00	丁烷	宏源发燃气	22.0	21.74	0.0	1	
1232		2014-07-02 00:00:00	丙烷	宏源发燃气	5.0	5.12	0.0	1	
1233		2014-07-02 00:00:00	丙烷	塔山石化	23.0	23.2	0.0	1	
1236		2014-07-03 00:00:00	丁烷	宏源发燃气	20.0	21.24	0.0	1	
1237		2014-07-03 00:00:00	丁烷	塔山石化	23.0	22.9	0.0	1	
1238		2014-07-03 00:00:00	丙烷	天元燃气	28.0	25.14	0.0	1	
1239	JZ140704	2014-07-04 00:00:00	轻油	珠海石化	130.0	129.54	1108.4262	1	
1240		2014-07-04 00:00:00	丙烷	爱军化工	24.0	25.1	0.0	1	
1241		2014-07-04 00:00:00	丁烷	宏源发燃气	22.0	21.86	0.0	1	
1242		2014-07-04 00:00:00	丙烷	宏源发燃气	5.0	5.2	0.0	1	
1243		2014-07-04 00:00:00	丙烷	宏源发燃气	23.0	23.14	0.0	1	
1244		2014-07-04 00:00:00	丁烷	塔山石化	23.0	23.36	0.0	1	
1245		2014-07-05 00:00:00	丁烷	塔山石化	23.0	23.2	0.0	1	
1246		2014-07-05 00:00:00	丁烷	塔山石化	23.0	23.92	0.0	1	
1247		2014-07-05 00:00:00	丁烷	盐山县金燕	22.0	21.38	0.0	1	
1248		2014-07-05 00:00:00	丁烷	盐山县金燕	22.0	21.0	0.0	1	
1249		2014-07-05 00:00:00	丙烷	天元燃气	28.0	23.8	0.0	1	
1250		2014-07-05 00:00:00	丙烷	宏源发燃气	3.0	3.2	0.0	1	
1251		2014-07-05 00:00:00	丙烷	宏源发燃气	3.0	2.96	0.0	1	
1252		2014-07-05 00:00:00	丙烷	天元燃气	28.0	24.08	0.0	1	
1253	JZ140705	2014-07-06 00:00:00	轻油	珠海石化	270.0	257.98	2207.4814	8	
1254		2014-07-06 00:00:00	丙烷	爱军化工	14.0	14.5	0.0	1	
1255		2014-07-06 00:00:00	丙烷	葫芦岛液	23.0	22.94	0.0	1	
1256		2014-07-06 00:00:00	丙烷	塔山石化	23.0	23.2	0.0	1	
1257		2014-07-06 00:00:00	丁烷	盐山县金燕	23.0	21.18	0.0	1	
1259		2014-07-07 00:00:00	丙烷	塔山石化	23.0	23.16	0.0	1	
1260		2014-07-07 00:00:00	丙烷	盐山县金燕	3.0	2.6	0.0	1	
1261		2014-07-07 00:00:00	丁烷	盐山县金燕	23.0	20.38	0.0	1	
1262		2014-07-07 00:00:00	丁烷	塔山石化	23.0	23.5	0.0	1	
1275		2014-07-09 00:00:00	丁烷	三辉化工	24.0	23.66	0.0	1	
1307	JZ140707	2014-07-09 00:00:00	轻油	珠海石化	100.0	96.28	824.9675	3	
1308		2014-07-09 00:00:00	丙烷	爱军化工	23.0	22.14	0.0	1	
1309		2014-07-09 00:00:00	丙烷	塔山石化	23.0	23.22	0.0	1	
1310		2014-07-09 00:00:00	丁烷	雄县东宏	27.5	28.54	0.0	1	
1311		2014-07-09 00:00:00	丙烷	盘锦波海石化	23.5	22.82	0.0	1	
1312		2014-07-09 00:00:00	丙烷	三辉化工	24.0	23.66	0.0	0	
1319	JZ140708	2014-07-10 00:00:00	轻油	珠海石化	200.0	194.12	1663.3312	6	
1320		2014-07-10 00:00:00	丙烷	三辉化工	24.0	23.28	0.0	1	
1321		2014-07-10 00:00:00	丙烷	天元燃气	25.0	24.74	0.0	1	
1322		2014-07-10 00:00:00	丙烷	天元燃气	23.0	23.06	0.0	1	
1323		2014-07-10 00:00:00	丙烷	塔山石化	23.0	23.6	0.0	1	
1324		2014-07-10 00:00:00	丁烷	盐山县金燕	23.0	24.14	0.0	1	
1325		2014-07-10 00:00:00	丙烷	宏源发燃气	3.0	3.0	0.0	1	
1326	JZ140709	2014-07-11 00:00:00	轻油	珠海石化	120.0	127.4	1091.6338	4	
1327		2014-07-11 00:00:00	丙烷	爱军化工	14.0	14.1	0.0	1	
1328		2014-07-11 00:00:00	丙烷	塔山石化	23.0	22.8	0.0	1	
1329		2014-07-11 00:00:00	丙烷	塔山石化	23.0	23.0	0.0	1	
1330		2014-07-11 00:00:00	丙烷	盐山县金燕	15.0	13.8	0.0	1	
1331		2014-07-11 00:00:00	丁烷	雄县东宏	27.5	28.7	0.0	1	
1332	JZ140711	2014-07-12 00:00:00	轻油	珠海石化	280.0	224.48	1931.3811	7	
1333		2014-07-12 00:00:00	丁烷	爱军化工	14.0	14.66	0.0	1	
1334		2014-07-12 00:00:00	丁烷	盐山县金燕	18.0	18.68	0.0	1	
1335		2014-07-12 00:00:00	丙烷	宏源发燃气	9.0	8.52	0.0	1	
1336		2014-07-12 00:00:00	丙烷	塔山石化	23.0	23.06	0.0	1	
1337		2014-07-12 00:00:00	丙烷	塔山石化	23.0	22.74	0.0	1	
1338		2014-07-12 00:00:00	丙烷	爱军化工	15.0	15.06	0.0	1	
1349	JZ140712	2014-07-13 00:00:00	轻油	珠海石化	280.0	262.12	2255.2172	7	
1350		2014-07-13 00:00:00	丙烷	宏源发燃气	3.0	4.28	0.0	1	
1351		2014-07-13 00:00:00	丙烷	爱军化工	24.0	23.46	0.0	1	
1352		2014-07-13 00:00:00	丙烷	盐山县金燕	15.0	13.82	0.0	1	
1353		2014-07-13 00:00:00	丙烷	爱军化工	9.0	8.66	0.0	1	
1354		2014-07-13 00:00:00	丙烷	塔山石化	23.0	23.44	0.0	1	
1355		2014-07-13 00:00:00	丁烷	朝顺达	25.0	24.64	0.0	1	
1356		2014-07-13 00:00:00	丁烷	盐山县金燕	24.0	23.38	0.0	1	
1357		2014-07-13 00:00:00	丁烷	爱军化工	14.0	11.56	0.0	1	
1358		2014-07-13 00:00:00	丁烷	爱军化工	24.0	24.82	0.0	1	
1359		2014-07-13 00:00:00	液化气	塔山石化	23.0	23.24	0.0	1	
1366	JZ140713	2014-07-14 00:00:00	轻油	珠海石化	280.0	261.14	2246.7895	8	
1367		2014-07-14 00:00:00	丙烷	爱军化工	14.0	14.0	0.0	1	
1368		2014-07-14 00:00:00	丁烷	爱军化工	17.0	17.16	0.0	1	
1369		2014-07-14 00:00:00	液化气	塔山石化	23.0	23.14	0.0	1	
1370		2014-07-14 00:00:00	液化气	塔山石化	23.0	22.1	0.0	1	
1371		2014-07-14 00:00:00	丙烷	三辉化工	24.0	23.82	0.0	1	
1372	JZ140714	2014-07-15 00:00:00	轻油	珠海石化	250.0	251.4	2159.9972	8	
1373		2014-07-15 00:00:00	丁烷	沈阳双燃	22.0	21.8	0.0	1	
1374		2014-07-15 00:00:00	丙烷	塔山石化	23.0	22.94	0.0	1	
1375		2014-07-15 00:00:00	丁烷	盐山县金燕	23.0	23.74	0.0	1	
1376		2014-07-15 00:00:00	丁烷	塔山石化	27.0	27.42	0.0	1	
1377		2014-07-15 00:00:00	丙烷	三辉化工	14.5	14.24	0.0	1	
1378		2014-07-16 00:00:00	丙烷	爱军化工	24.0	25.3	0.0	1	
1379		2014-07-16 00:00:00	丙烷	爱军化工	24.0	24.98	0.0	1	
1380		2014-07-16 00:00:00	丙烷	爱军化工	15.0	15.72	0.0	1	
1381		2014-07-16 00:00:00	丁烷	塔山石化	23.0	23.26	0.0	1	
1382		2014-07-16 00:00:00	丁烷	塔山石化	23.0	22.78	0.0	1	
1383		2014-07-16 00:00:00	丁烷	雄县东宏	27.5	28.86	0.0	1	
1384		2014-07-16 00:00:00	丙烷	三辉化工	24.0	23.46	0.0	1	
1385		2014-07-17 00:00:00	丙烷	爱军化工	24.0	24.26	1.0	0	
1386		2014-07-17 00:00:00	丙烷	爱军化工	8.0	7.58	1.0	0	
1387		2014-07-17 00:00:00	丁烷	塔山石化	23.0	23.14	1.0	0	
1388		2014-07-17 00:00:00	丁烷	塔山石化	23.0	22.8	1.0	0	
1389		2014-07-17 00:00:00	丁烷	唐山中油	27.5	28.84	1.0	0	
1390	682	2014-07-18 00:00:00	丙烷	爱军化工	23.0	23.12	0.0	1	
1391	683	2014-07-18 00:00:00	丙烷	唐山中油	3.0	2.58	0.0	1	
1392	681	2014-07-18 00:00:00	丙烷	爱军化工	24.0	23.86	0.0	1	
1393	684	2014-07-18 00:00:00	丁烷	唐山中油	24.0	25.48	0.0	1	
1394	680	2014-07-18 00:00:00	丁烷	塔山石化	23.0	23.42	0.0	1	
1395	685	2014-07-19 00:00:00	丙烷	塔山石化	23.0	22.72	0.0	1	
1396	689	2014-07-19 00:00:00	丙烷	台安县辽河	23.0	22.34	0.0	1	
1397	687	2014-07-19 00:00:00	丙烷	盐山县金燕	5.0	4.62	0.0	1	
1398	690	2014-07-19 00:00:00	液化气	盐山县金燕	27.0	27.52	0.0	1	
1399	686	2014-07-19 00:00:00	丁烷	塔山石化	23.0	23.02	0.0	1	
1400	688	2014-07-19 00:00:00	丁烷	盐山县金燕	23.0	22.56	0.0	1	
1407	693	2014-07-20 00:00:00	丙烷	塔山石化	23.0	22.76	0.0	1	
1408	692	2014-07-20 00:00:00	丙烷	塔山石化	23.0	22.72	0.0	1	
1409	691	2014-07-20 00:00:00	丙烷	爱军化工	14.0	14.16	0.0	1	
1410	696	2014-07-20 00:00:00	丙烷	爱军化工	24.0	22.54	0.0	1	
1411	695	2014-07-20 00:00:00	丁烷	盘锦波海石化	28.0	23.32	0.0	1	
1412	694	2014-07-20 00:00:00	丁烷	盐山县金燕	16.0	15.94	0.0	1	
1423	2677	2014-07-21 00:00:00	丙烷	三辉化工	15.0	14.98	0.0	1	
1424	2678	2014-07-21 00:00:00	丙烷	朝顺达	8.0	8.02	0.0	1	
1425	699	2014-07-21 00:00:00	丙烷	爱军化工	23.0	21.76	0.0	1	
1426	698	2014-07-21 00:00:00	丙烷	塔山石化	23.0	22.94	0.0	1	
1427	697	2014-07-21 00:00:00	丙烷	塔山石化	23.0	23.42	0.0	1	
1432	JZ140715	2014-07-22 00:00:00	轻油	精细化工	200.0	206.52	1776.853	11	
1433	2679	2014-07-22 00:00:00	丁烷	沈阳双燃	22.0	22.34	0.0	1	
1450	JZ140717	2014-07-23 00:00:00	轻油	精细化工	200.0	113.9	979.9358	6	
1451	2685	2014-07-23 00:00:00	丙烷	盘锦波海石化	26.0	24.0	0.0	1	
1452	2687	2014-07-23 00:00:00	丙烷	天元燃气	26.0	25.08	0.0	1	
1453	2686	2014-07-23 00:00:00	丙烷	天元燃气	26.0	24.78	0.0	1	
1454	2680	2014-07-23 00:00:00	丙烷	三辉化工	24.0	24.46	0.0	1	
1455	2684	2014-07-23 00:00:00	丙烷	朝顺达	9.0	9.58	0.0	1	
1456	2681	2014-07-23 00:00:00	丁烷	盐山县金燕	27.0	27.72	0.0	1	
1457	2683	2014-07-23 00:00:00	丁烷	朝顺达	11.0	11.58	0.0	1	
1458	JZ140719	2014-07-24 00:00:00	轻油	精细化工	200.0	131.34	1129.9985	7	
1459	JZ140720	2014-07-24 00:00:00	轻油	精细化工	200.0	197.38	1610.1237	10	
1460	JZ140721	2014-07-24 00:00:00	轻油	精细化工	100.0	99.28	809.8732	5	
1461	2692	2014-07-24 00:00:00	丙烷	盐山县金燕	7.0	7.04	0.0	1	
1462	2691	2014-07-24 00:00:00	丙烷	盐山县金燕	7.0	5.42	0.0	1	
1463	2695	2014-07-24 00:00:00	丙烷	天元燃气	25.5	24.76	0.0	1	
1464	2689	2014-07-24 00:00:00	丙烷	爱军化工	24.0	27.3	0.0	1	
1465	2690	2014-07-24 00:00:00	丙烷	爱军化工	24.0	23.8	0.0	1	
1466	2688	2014-07-24 00:00:00	丙烷	塔山石化	23.0	22.92	0.0	1	
1467	2694	2014-07-24 00:00:00	丁烷	盐山县金燕	20.0	19.94	0.0	1	
1468	2693	2014-07-24 00:00:00	丁烷	盐山县金燕	20.0	20.14	0.0	1	
1469	JZ140722	2014-07-25 00:00:00	轻油	精细化工	200.0	207.48	1692.5135	11	
1470	JZ140723	2014-07-25 00:00:00	轻油	精细化工	200.0	113.8	928.3007	6	
1471	2702	2014-07-25 00:00:00	丙烷	盘锦波海石化	27.0	23.52	0.0	1	
1472	2697	2014-07-25 00:00:00	丙烷	盐山县金燕	6.0	6.48	0.0	1	
1473	2699	2014-07-25 00:00:00	丙烷	廊坊中信	24.0	24.4	0.0	1	
1474	2701	2014-07-25 00:00:00	丙烷	廊坊中信	15.0	17.0	0.0	1	
1475	2696	2014-07-25 00:00:00	丙烷	塔山石化	23.0	23.18	0.0	1	
1476	2698	2014-07-25 00:00:00	丁烷	盐山县金燕	20.0	20.84	0.0	1	
1540	2703	2014-07-26 00:00:00	丙烷	塔山石化	23.0	23.06	0.0	1	
1541	2708	2014-07-26 00:00:00	丙烷	爱军化工	24.0	23.6	0.0	1	
1542	2704	2014-07-26 00:00:00	丙烷	盐山县金燕	5.0	4.2	0.0	1	
1543	2706	2014-07-26 00:00:00	丙烷	三辉化工	15.0	13.14	0.0	1	
1544	2707	2014-07-26 00:00:00	丙烷	三辉化工	9.0	10.38	0.0	1	
1545	JZ140725	2014-07-26 00:00:00	轻油	精细化工	200.0	164.48	1281.8851	8	
1546	JZ140724	2014-07-26 00:00:00	轻油	精细化工	200.0	214.28	1703.8343	11	
1547	2709	2014-07-26 00:00:00	丁烷	爱军化工	24.0	24.5	0.0	1	
1548	2705	2014-07-26 00:00:00	丁烷	盐山县金燕	22.0	23.54	0.0	1	
1549	JZ140726	2014-07-27 00:00:00	轻油	精细化工	200.0	228.1	1793.2681	11	
1550	JZ140727	2014-07-27 00:00:00	轻油	精细化工	200.0	145.12	1140.879	7	
1551	2710	2014-07-27 00:00:00	丙烷	塔山石化	23.0	23.74	0.0	1	
1552	2711	2014-07-27 00:00:00	丙烷	唐山中油	5.0	5.4	0.0	1	
1553	2714	2014-07-27 00:00:00	丙烷	爱军化工	14.0	14.44	0.0	1	
1554	2712	2014-07-27 00:00:00	丁烷	唐山中油	22.0	21.74	0.0	1	
1559	JZ140728	2014-07-28 00:00:00	轻油	精细化工	200.0	223.0	1753.1424	11	
1560	JZ140729	2014-07-28 00:00:00	轻油	精细化工	200.0	217.78	1712.1361	11	
1561	JZ140730	2014-07-28 00:00:00	轻油	精细化工	100.0	17.86	140.4401	1	
1562	2715	2014-07-28 00:00:00	丙烷	塔山石化	23.0	22.72	0.0	1	
1570	JZ140731	2014-07-29 00:00:00	轻油	精细化工	200.0	206.36	1604.2746	10	
1571	JZ140732	2014-07-29 00:00:00	轻油	精细化工	100.0	41.0	318.7417	2	
1572	2716	2014-07-29 00:00:00	丙烷	葫芦岛液	23.0	23.44	0.0	1	
1573	2720	2014-07-29 00:00:00	丁烷	沈阳双燃	22.0	21.32	0.0	1	
1574	2718	2014-07-29 00:00:00	丁烷	沈阳双燃	20.0	19.36	0.0	1	
1575	2717	2014-07-29 00:00:00	丙烷	盐山县金燕	6.0	6.14	0.0	1	
1576	2719	2014-07-29 00:00:00	丙烷	天元燃气	28.0	26.06	0.0	1	
1598	JZ140733	2014-07-30 00:00:00	轻油	精细化工	200.0	220.78	1716.35	11	
1599	JZ140734	2014-07-30 00:00:00	轻油	精细化工	200.0	148.9	1157.5457	7	
1600	2722	2014-07-30 00:00:00	丁烷	塔山石化	23.0	22.94	0.0	1	
1601	2721	2014-07-30 00:00:00	丁烷	塔山石化	23.0	26.36	0.0	1	
1602	2723	2014-07-30 00:00:00	丙烷	盐山县金燕	15.0	15.04	0.0	1	
1603	2725	2014-07-30 00:00:00	丙烷	盘锦波海石化	27.0	24.76	0.0	1	
1604	2724	2014-07-30 00:00:00	丙烷	台安县辽河石油	23.0	22.54	0.0	1	
1605	JZ073138	2014-07-31 00:00:00	轻油	精细化工	100.0	86.56	678.8041	4	
1606	JZ073137	2014-07-31 00:00:00	轻油	精细化工	200.0	239.42	1877.5447	10	
1607	JZ073136	2014-07-31 00:00:00	轻油	精细化工	200.0	236.8	1856.9787	11	
1608	700	2014-07-31 00:00:00	丁烷	塔山石化	23.0	22.62	0.0	1	
1609	701	2014-07-31 00:00:00	丙烷	盐山县金燕	15.0	14.78	0.0	1	
1610	703	2014-07-31 00:00:00	丁烷	盐山县金燕	23.0	23.28	0.0	1	
1611	704	2014-07-31 00:00:00	丙烷	三辉化工	24.0	23.52	0.0	1	
1612	702	2014-07-31 00:00:00	丙烷	爱军化工	14.0	14.54	0.0	1	
1613	JZ080103	2014-08-01 00:00:00	轻油	精细化工	100.0	202.68	1543.2684	9	
1614	JZ080101	2014-08-01 00:00:00	轻油	精细化工	200.0	246.14	1874.1485	11	
1615	709	2014-08-01 00:00:00	丙烷	爱军化工	24.0	24.52	0.0	1	
1616	710	2014-08-01 00:00:00	丙烷	爱军化工	23.0	23.72	0.0	1	
1617	712	2014-08-01 00:00:00	丙烷	沈阳双燃	22.0	21.98	0.0	1	
1618	711	2014-08-01 00:00:00	丁烷	爱军化工	24.0	25.32	0.0	1	
1619	705	2014-08-01 00:00:00	丁烷	塔山石化	23.0	22.9	0.0	1	
1620	706	2014-08-01 00:00:00	液化气	塔山石化	23.0	25.4	0.0	1	
1621	707	2014-08-01 00:00:00	丙烷	盐山县金燕	15.0	14.78	0.0	1	
1622	JZ080204	2014-08-02 00:00:00	轻油	精细化工	200.0	240.84	1833.7712	11	
1623	JZ080205	2014-08-02 00:00:00	轻油	精细化工	200.0	179.9	1369.8095	8	
1624	719	2014-08-02 00:00:00	丙烷	爱军化工	24.0	25.74	0.0	1	
1625	720	2014-08-02 00:00:00	丁烷	爱军化工	14.0	14.52	0.0	1	
1626	718	2014-08-02 00:00:00	丁烷	沈阳双燃	22.0	22.02	0.0	1	
1627	713	2014-08-02 00:00:00	丁烷	塔山石化	23.0	23.3	0.0	1	
1628	714	2014-08-02 00:00:00	丁烷	塔山石化	23.0	23.06	0.0	1	
1629	717	2014-08-02 00:00:00	丁烷	盐山县金燕	20.0	20.74	0.0	1	
1630	715	2014-08-02 00:00:00	丙烷	盐山县金燕	5.0	6.16	0.0	1	
1631	716	2014-08-02 00:00:00	丙烷	台安县辽河石油	23.0	22.74	0.0	1	
1632	JZ080308	2014-08-03 00:00:00	轻油	精细化工	200.0	207.38	1586.7275	9	
1633	JZ080307	2014-08-03 00:00:00	轻油	精细化工	200.0	242.06	1852.0731	11	
1634	724	2014-08-03 00:00:00	丙烷	沈阳双燃	22.0	21.98	0.0	1	
1635	721	2014-08-03 00:00:00	丙烷	塔山石化	23.0	23.16	0.0	1	
1636	722	2014-08-03 00:00:00	丁烷	塔山石化	23.0	22.86	0.0	1	
1637	723	2014-08-03 00:00:00	丁烷	盐山县金燕	24.0	26.32	0.0	1	
1638	725	2014-08-03 00:00:00	丙烷	三辉化工	24.0	24.62	0.0	1	
1649	JZ080411	2014-08-04 00:00:00	轻油	精细化工	200.0	238.27	1825.5951	10	
1650	JZ080410	2014-08-04 00:00:00	轻油	精细化工	200.0	240.24	1838.1108	11	
1651	JZ080412	2014-08-04 00:00:00	轻油	精细化工	100.0	101.29	774.9675	5	
1652	731	2014-08-04 00:00:00	丁烷	沈阳双燃	22.0	22.2	0.0	1	
1653	726	2014-08-04 00:00:00	丙烷	塔山石化	23.0	23.1	0.0	1	
1654	729	2014-08-04 00:00:00	丁烷	盐山县金燕	23.0	24.34	0.0	1	
1655	728	2014-08-04 00:00:00	丙烷	盐山县金燕	3.0	3.34	0.0	1	
1656	732	2014-08-04 00:00:00	丙烷	爱军化工	24.0	24.46	0.0	1	
1657	727	2014-08-04 00:00:00	液化气	塔山石化	23.0	22.98	0.0	1	
1658	730	2014-08-04 00:00:00	丙烷	三辉化工	24.0	22.88	0.0	1	
1659	JZ080513	2014-08-05 00:00:00	轻油	精细化工	200.0	242.84	1883.2051	11	
1660	JZ080514	2014-08-05 00:00:00	轻油	精细化工	200.0	244.62	1897.0416	11	
1661	JZ080515	2014-08-05 00:00:00	轻油	精细化工	100.0	87.2	676.2255	4	
1662	737	2014-08-05 00:00:00	丙烷	沈阳双燃	22.0	21.7	0.0	1	
1663	736	2014-08-05 00:00:00	丙烷	盐山县金燕	3.0	4.16	0.0	1	
1664	734	2014-08-05 00:00:00	丙烷	塔山石化	23.0	23.08	0.0	1	
1665	738	2014-08-05 00:00:00	丙烷	爱军化工	24.0	24.44	0.0	1	
1666	739	2014-08-05 00:00:00	丙烷	爱军化工	14.0	14.0	0.0	1	
1667	735	2014-08-05 00:00:00	丁烷	盐山县金燕	24.0	23.06	0.0	1	
1668	JZ080616	2014-08-06 00:00:00	轻油	精细化工	200.0	244.84	1887.1045	11	
1669	JZ080617	2014-08-06 00:00:00	轻油	精细化工	200.0	239.4	1845.1548	11	
1670	JZ080618	2014-08-06 00:00:00	轻油	精细化工	100.0	45.44	350.1253	2	
1671	741	2014-08-06 00:00:00	丁烷	沈阳双燃	22.0	21.9	0.0	1	
1672	740	2014-08-06 00:00:00	丙烷	塔山石化	23.0	22.9	0.0	1	
1673	744	2014-08-06 00:00:00	丙烷	盐山县金燕	3.0	3.22	0.0	1	
1674	743	2014-08-06 00:00:00	丙烷	盐山县金燕	24.0	23.66	0.0	1	
1675	742	2014-08-06 00:00:00	丁烷	唐山中油	24.0	24.3	0.0	1	
1676	745	2014-08-06 00:00:00	丙烷	三辉化工	24.0	24.24	0.0	1	
1677		2014-08-07 00:00:00	轻油	精细化工	200.0	227.72	1755.155	1	
1678		2014-08-07 00:00:00	轻油	精细化工	200.0	141.3	1089.0552	1	
1679		2014-08-07 00:00:00	丙烷	沈阳双燃	22.0	21.98	0.0	1	
1680		2014-08-07 00:00:00	丙烷	盐山县金燕	4.0	4.3	0.0	1	
1681		2014-08-07 00:00:00	丁烷	盐山县金燕	22.0	21.66	0.0	1	
1682		2014-08-07 00:00:00	丙烷	盐山县金燕	15.0	14.76	0.0	1	
1683		2014-08-08 00:00:00	轻油	精细化工	200.0	220.04	1695.9726	1	
1684		2014-08-08 00:00:00	轻油	精细化工	200.0	243.62	1877.6771	1	
1685		2014-08-08 00:00:00	丙烷	爱军化工	24.0	24.78	0.0	1	
1686		2014-08-08 00:00:00	丙烷	爱军化工	23.0	23.42	0.0	1	
1687		2014-08-08 00:00:00	丁烷	沈阳双燃	22.0	22.28	0.0	1	
1688		2014-08-08 00:00:00	丙烷	盐山县金燕	3.0	3.16	0.0	1	
1689		2014-08-08 00:00:00	丙烷	盐山县金燕	15.0	14.8	0.0	1	
1690		2014-08-08 00:00:00	丁烷	盐山县金燕	22.0	23.92	0.0	1	
1693		2014-08-09 00:00:00	丙烷	沈阳双燃	22.0	21.92	0.0	1	
1694		2014-08-09 00:00:00	丁烷	盐山县金燕	19.0	20.08	0.0	1	
1695		2014-08-09 00:00:00	丙烷	台安县辽河石油	23.0	22.66	0.0	1	
1696		2014-08-09 00:00:00	轻油	精细化工	200.0	225.64	1734.8405	10	
1697		2014-08-09 00:00:00	轻油	精细化工	200.0	249.24	1916.2868	11	
1708		2014-08-10 00:00:00	轻油	精细化工	220.0	138.68	1066.2879	6	
1709		2014-08-10 00:00:00	轻油	精细化工	230.0	249.68	1919.683	11	
1710		2014-08-10 00:00:00	丁烷	沈阳双燃	22.0	21.96	0.0	1	
1711		2014-08-10 00:00:00	丁烷	盐山县金燕	22.0	19.74	0.0	1	
1712		2014-08-10 00:00:00	丙烷	盐山县金燕	6.0	7.04	0.0	1	
1713		2014-08-11 00:00:00	轻油	精细化工	200.0	245.48	1887.4189	11	
1714		2014-08-11 00:00:00	轻油	精细化工	200.0	245.82	1889.9975	11	
1715		2014-08-11 00:00:00	轻油	精细化工	100.0	19.0	146.1004	1	
1716		2014-08-11 00:00:00	丁烷	塔山石化	23.0	23.22	0.0	0	
1717		2014-08-11 00:00:00	丁烷	塔山石化	23.0	23.42	0.0	0	
1718		2014-08-11 00:00:00	丙烷	盐山县金燕	15.0	14.12	0.0	1	
1719		2014-08-12 00:00:00	轻油	精细化工	200.0	246.08	1882.8277	11	
1720		2014-08-12 00:00:00	轻油	精细化工	200.0	65.14	498.427	3	
1721		2014-08-12 00:00:00	丙烷	沈阳双燃	22.0	22.06	0.0	1	
1722		2014-08-12 00:00:00	丁烷	塔山石化	23.0	23.44	0.0	1	
1723		2014-08-12 00:00:00	丁烷	塔山石化	23.0	23.56	0.0	1	
1752		2014-08-13 00:00:00	丁烷	塔山石化	23.0	23.02	0.0	1	
1753		2014-08-13 00:00:00	丙烷	塔山石化	10.0	9.62	0.0	1	
1754		2014-08-13 00:00:00	丁烷	雄县东宏	28.0	28.38	0.0	1	
1755		2014-08-13 00:00:00	丙烷	盐山县金燕	23.0	23.3	0.0	1	
1756		2014-08-13 00:00:00	丁烷	盐山县金燕	14.0	17.5	0.0	1	
1757		2014-08-13 00:00:00	轻油	精细化工	200.0	246.64	1887.1045	11	
1758		2014-08-13 00:00:00	轻油	精细化工	200.0	180.52	1381.1932	8	
1759	JZ140836	2014-08-14 00:00:00	轻油	精细化工	200.0	247.06	1892.639	11	
1760	JZ140837	2014-08-14 00:00:00	轻油	精细化工	200.0	145.6	1115.3445	7	
1761		2014-08-14 00:00:00	丙烷	爱军化工	24.0	24.54	0.0	1	
1762		2014-08-14 00:00:00	丙烷	爱军化工	14.0	14.4	0.0	1	
1763		2014-08-14 00:00:00	丁烷	塔山石化	23.0	23.08	0.0	1	
1764		2014-08-14 00:00:00	丙烷	塔山石化	23.0	22.94	0.0	1	
1765		2014-08-14 00:00:00	丙烷	盐山县金燕	9.0	8.44	0.0	1	
1766		2014-08-14 00:00:00	丙烷	盐山县金燕	9.0	9.7	0.0	1	
1767		2014-08-14 00:00:00	丁烷	盐山县金燕	15.0	15.36	0.0	1	
1768		2014-08-14 00:00:00	丁烷	盐山县金燕	14.0	17.36	0.0	1	
1779	JZ140838	2014-08-15 00:00:00	轻油	精细化工	200.0	205.04	1570.6898	11	
1780	JZ140839	2014-08-15 00:00:00	轻油	精细化工	200.0	173.42	1328.4888	9	
1781		2014-08-15 00:00:00	丙烷	三辉化工	24.0	23.58	0.0	0	
1782		2014-08-15 00:00:00	丙烷	三辉化工	24.0	23.64	0.0	0	
1783		2014-08-15 00:00:00	丙烷	爱军化工	24.0	23.76	0.0	0	
1784		2014-08-15 00:00:00	丙烷	盐山县金燕	24.0	24.38	0.0	0	
1785		2014-08-15 00:00:00	丙烷	盐山县金燕	15.0	14.56	0.0	0	
1786		2014-08-15 00:00:00	丙烷	塔山石化	23.0	22.74	0.0	0	
1787		2014-08-15 00:00:00	丙烷	塔山石化	23.0	22.94	0.0	0	
1788		2014-08-15 00:00:00	丁烷	盐山县金燕	17.0	16.72	0.0	0	
1789	JZ140840	2014-08-16 00:00:00	轻油	精细化工	200.0	202.8	1559.2433	11	
1790	JZ140841	2014-08-16 00:00:00	轻油	精细化工	200.0	207.52	1595.5325	11	
1791	JZ140842	2014-08-16 00:00:00	轻油	精细化工	100.0	35.54	273.2701	2	
1792		2014-08-16 00:00:00	丙烷	盐山县金燕	23.5	23.42	0.0	0	
1793		2014-08-16 00:00:00	丙烷	台安县辽河石油	23.0	22.54	0.0	0	
1794		2014-08-16 00:00:00	丙烷	爱军化工	24.0	24.76	0.0	0	
1795		2014-08-16 00:00:00	丙烷	塔山石化	23.0	22.86	0.0	0	
1796		2014-08-16 00:00:00	丁烷	唐山中油	22.0	21.84	0.0	0	
1797		2014-08-16 00:00:00	丁烷	塔山石化	23.0	23.1	0.0	0	
1798	JZ140843	2014-08-17 00:00:00	轻油	精细化工	200.0	245.02	1883.8969	11	
1799	JZ140844	2014-08-17 00:00:00	轻油	精细化工	200.0	41.36	317.987	2	
1800		2014-08-17 00:00:00	丙烷	盐山县金燕	24.0	25.3	0.0	0	
1801		2014-08-17 00:00:00	丁烷	塔山石化	23.0	21.48	0.0	0	
1802		2014-08-17 00:00:00	液化气	塔山石化	23.0	23.42	0.0	0	
1810	JZ140845	2014-08-18 00:00:00	轻油	精细化工	200.0	240.02	1852.1989	11	
1811	JZ140846	2014-08-18 00:00:00	轻油	精细化工	200.0	241.52	1863.7712	10	
1812		2014-08-18 00:00:00	丙烷	塔山石化	23.0	22.88	0.0	0	
1813		2014-08-18 00:00:00	丙烷	盐山县金燕	15.0	14.48	0.0	0	
1814		2014-08-18 00:00:00	丁烷	雄县东宏	23.0	27.56	0.0	0	
1815		2014-08-18 00:00:00	丁烷	朝顺达	27.0	29.12	0.0	0	
1816		2014-08-18 00:00:00	丁烷	塔山石化	22.0	21.8	0.0	0	
1817	JZ140848	2014-08-19 00:00:00	轻油	精细化工	200.0	221.58	1709.9349	10	
1818		2014-08-19 00:00:00	丙烷	长兴岛丰源	24.0	21.56	0.0	0	
1819		2014-08-19 00:00:00	丙烷	沈阳双燃	22.0	21.98	0.0	0	
1820		2014-08-19 00:00:00	丙烷	盐山县金燕	9.0	8.92	0.0	0	
1821		2014-08-19 00:00:00	丙烷	塔山石化	23.0	23.0	0.0	0	
1822		2014-08-19 00:00:00	丁烷	盐山县金燕	14.0	17.24	0.0	0	
1823		2014-08-19 00:00:00	丁烷	塔山石化	23.0	23.98	0.0	0	
1824	JZ140849	2014-08-20 00:00:00	轻油	精细化工	200.0	224.42	1727.6078	10	
1825	JZ140850	2014-08-20 00:00:00	轻油	精细化工	140.0	166.16	1279.1178	8	
1826		2014-08-20 00:00:00	丙烷	三辉化工	23.5	23.72	0.0	0	
1827		2014-08-20 00:00:00	丙烷	盐山县金燕	23.0	23.42	0.0	0	
1828		2014-08-20 00:00:00	丙烷	盘锦波海石化	24.0	22.0	0.0	0	
1829		2014-08-20 00:00:00	丙烷	爱军化工	24.0	23.2	0.0	0	
1830		2014-08-20 00:00:00	丙烷	盐山县金燕	3.0	3.18	0.0	0	
1831		2014-08-20 00:00:00	丙烷	葫芦岛液	23.0	23.26	0.0	0	
1832		2014-08-20 00:00:00	丁烷	雄县东宏	23.0	27.96	0.0	0	
1833		2014-08-20 00:00:00	丁烷	盐山县金燕	25.0	25.16	0.0	0	
1834	JZ140851	2014-08-21 00:00:00	轻油	精细化工	200.0	220.94	1700.8154	10	
1835	JZ140852	2014-08-21 00:00:00	轻油	精细化工	100.0	83.28	641.0683	4	
1836		2014-08-21 00:00:00	丙烷	三辉化工	23.0	23.16	0.0	0	
1837		2014-08-21 00:00:00	丙烷	爱军化工	23.0	23.1	0.0	0	
1838		2014-08-21 00:00:00	丙烷	三辉化工	23.5	23.2	0.0	0	
1839		2014-08-21 00:00:00	丙烷	爱军化工	24.0	22.14	0.0	0	
1840		2014-08-21 00:00:00	丙烷	塔山石化	23.0	23.32	0.0	0	
1841		2014-08-21 00:00:00	丁烷	塔山石化	23.0	22.9	0.0	0	
1842	JZ140854	2014-08-22 00:00:00	轻油	精细化工	200.0	243.74	1871.7586	11	
1843	JZ140855	2014-08-22 00:00:00	轻油	精细化工	200.0	202.3	1557.2936	9	
1844		2014-08-22 00:00:00	丙烷	爱军化工	24.0	23.08	0.0	0	
1845		2014-08-22 00:00:00	丙烷	爱军化工	14.0	14.54	0.0	0	
1846		2014-08-22 00:00:00	丁烷	盐山县金燕	27.0	28.16	0.0	0	
1847		2014-08-22 00:00:00	丁烷	雄县东宏	23.0	27.74	0.0	0	
1848		2014-08-22 00:00:00	丁烷	塔山石化	23.0	22.72	0.0	0	
1863	JZ140855	2014-08-23 00:00:00	轻油	精细化工	200.0	240.18	1844.4001	11	
1864	JZ140856	2014-08-23 00:00:00	轻油	精细化工	200.0	204.32	1568.9917	9	
1865		2014-08-23 00:00:00	丙烷	三辉化工	24.0	23.52	0.0	0	
1866		2014-08-23 00:00:00	丙烷	爱军化工	23.0	23.96	0.0	0	
1867		2014-08-23 00:00:00	丙烷	天元燃气	25.0	24.82	0.0	0	
1868		2014-08-23 00:00:00	丁烷	塔山石化	23.0	22.92	0.0	0	
1869		2014-08-23 00:00:00	丁烷	塔山石化	23.0	22.94	0.0	0	
1870	JZ140857	2014-08-24 00:00:00	轻油	精细化工	200.0	219.94	1686.916	10	
1871	JZ140858	2014-08-24 00:00:00	轻油	精细化工	140.0	100.94	774.2128	4	
1872		2014-08-24 00:00:00	丙烷	爱军化工	22.0	22.54	0.0	0	
1873		2014-08-24 00:00:00	丙烷	天元燃气	25.0	25.04	0.0	0	
1874		2014-08-24 00:00:00	丙烷	盐山县金燕	3.0	3.6	0.0	0	
1875		2014-08-24 00:00:00	丙烷	盐山县金燕	14.5	14.94	0.0	0	
1876		2014-08-24 00:00:00	丁烷	盐山县金燕	20.0	19.78	0.0	0	
1877	JZ140859	2014-08-25 00:00:00	轻油	精细化工	200.0	246.3	1889.117	11	
1878	JZ140860	2014-08-25 00:00:00	轻油	精细化工	200.0	204.28	1566.7904	9	
1879		2014-08-25 00:00:00	丙烷	盐山县金燕	4.0	3.12	0.0	0	
1880		2014-08-25 00:00:00	丙烷	爱军化工	24.0	22.82	0.0	0	
1881		2014-08-25 00:00:00	丙烷	爱军化工	23.0	23.26	0.0	0	
1882		2014-08-25 00:00:00	丙烷	盐山县金燕	15.0	15.02	0.0	0	
1883		2014-08-25 00:00:00	丁烷	盐山县金燕	23.0	23.42	0.0	0	
1884	JZ140861	2014-08-26 00:00:00	轻油	精细化工	200.0	246.38	1889.6831	11	
1885	JZ140862	2014-08-26 00:00:00	轻油	精细化工	200.0	102.64	790.1248	5	
1886		2014-08-26 00:00:00	丙烷	沈阳双燃	22.0	22.46	0.0	0	
1887		2014-08-26 00:00:00	丙烷	盐山县金燕	24.0	23.32	0.0	0	
1888		2014-08-26 00:00:00	丙烷	盐山县金燕	3.0	3.0	0.0	0	
1889		2014-08-26 00:00:00	丙烷	爱军化工	23.0	22.86	0.0	0	
1890		2014-08-26 00:00:00	丁烷	盐山县金燕	24.0	24.14	0.0	0	
1891	JZ140863	2014-08-27 00:00:00	轻油	精细化工	200.0	245.06	1886.4755	11	
1892	JZ140864	2014-08-27 00:00:00	轻油	精细化工	200.0	207.82	1597.8596	9	
1893		2014-08-27 00:00:00	丙烷	盐山县金燕	24.0	23.56	0.0	0	
1894		2014-08-27 00:00:00	丙烷	盐山县金燕	3.0	3.1	0.0	0	
1895		2014-08-27 00:00:00	丙烷	爱军化工	7.0	7.22	0.0	0	
1896		2014-08-27 00:00:00	丙烷	长兴岛丰源	24.0	23.02	0.0	0	
1897		2014-08-27 00:00:00	丙烷	爱军化工	22.0	22.44	0.0	0	
1898		2014-08-27 00:00:00	丁烷	盐山县金燕	24.0	24.08	0.0	0	
1899	JZ140865	2014-08-28 00:00:00	轻油	精细化工	200.0	245.26	1885.7208	11	
1900	JZ140866	2014-08-28 00:00:00	轻油	精细化工	200.0	124.9	960.3132	6	
1901		2014-08-28 00:00:00	丙烷	盐山县金燕	23.0	23.34	0.0	1	
1902		2014-08-28 00:00:00	丙烷	盐山县金燕	10.0	9.66	0.0	1	
1903		2014-08-28 00:00:00	丁烷	盐山县金燕	18.0	18.14	0.0	1	
1904	JZ140867	2014-08-29 00:00:00	轻油	精细化工	200.0	245.48	1882.8277	11	
1905	JZ140868	2014-08-29 00:00:00	轻油	精细化工	200.0	203.02	1557.1678	9	
1906		2014-08-29 00:00:00	丙烷	爱军化工	23.0	23.28	0.0	1	
1907		2014-08-29 00:00:00	丙烷	爱军化工	23.0	22.96	0.0	1	
1908		2014-08-29 00:00:00	丙烷	盐山县金燕	3.0	2.86	0.0	1	
1909		2014-08-29 00:00:00	丁烷	盐山县金燕	23.0	23.82	0.0	1	
1910		2014-08-29 00:00:00	丁烷	盐山县金燕	24.0	25.1	0.0	1	
1911	JZ140870	2014-08-30 00:00:00	轻油	精细化工	200.0	245.34	1877.1674	11	
1912	JZ140871	2014-08-30 00:00:00	轻油	精细化工	200.0	201.84	1544.3376	9	
1913		2014-08-30 00:00:00	丙烷	爱军化工	23.0	21.96	0.0	1	
1914		2014-08-30 00:00:00	丙烷	爱军化工	14.0	14.12	0.0	1	
1915		2014-08-30 00:00:00	丙烷	爱军化工	24.0	24.3	0.0	1	
1916		2014-08-30 00:00:00	丁烷	盐山县金燕	23.0	23.02	0.0	1	
1917	JZ140872	2014-08-31 00:00:00	轻油	精细化工	200.0	241.04	1851.0039	11	
1918	JZ140873	2014-08-31 00:00:00	轻油	精细化工	200.0	148.24	1138.3633	7	
1919		2014-08-31 00:00:00	丙烷	爱军化工	23.0	22.98	0.0	1	
1920		2014-08-31 00:00:00	丁烷	爱军化工	24.0	24.26	0.0	1	
1921		2014-08-31 00:00:00	丁烷	塔山石化	23.0	23.02	0.0	1	
1922		2014-08-31 00:00:00	丁烷	塔山石化	23.0	23.36	0.0	1	
1923		2014-08-31 00:00:00	丙烷	盐山县金燕	24.0	24.26	0.0	1	
1924	JZ140901	2014-09-01 00:00:00	轻油	精细化工	200.0	240.96	1848.1108	11	
1925	JZ140902	2014-09-01 00:00:00	轻油	精细化工	200.0	169.9	1303.143	8	
1926		2014-09-01 00:00:00	丙烷	爱军化工	24.0	22.2	0.0	1	
1927		2014-09-01 00:00:00	丙烷	爱军化工	24.0	22.46	0.0	1	
1928		2014-09-01 00:00:00	丁烷	塔山石化	23.0	23.52	0.0	0	
1929		2014-09-01 00:00:00	丁烷	塔山石化	23.0	22.68	0.0	0	
1930		2014-09-01 00:00:00	丁烷	盐山县金燕	25.0	25.52	0.0	1	
1931		2014-09-01 00:00:00	丙烷	盐山县金燕	24.0	23.74	0.0	1	
1932		2014-09-01 00:00:00	丙烷	盐山县金燕	15.0	17.24	0.0	1	
1933	JZ140903	2014-09-02 00:00:00	轻油	精细化工	200.0	240.86	1849.6202	11	
1934	JZ140904	2014-09-02 00:00:00	轻油	精细化工	200.0	142.12	1091.3822	6	
1935		2014-09-02 00:00:00	丙烷	爱军化工	23.0	23.32	0.0	1	
1936		2014-09-02 00:00:00	丙烷	沈阳双燃	22.0	22.16	0.0	1	
1937		2014-09-02 00:00:00	丁烷	塔山石化	23.0	21.62	0.0	1	
1938		2014-09-02 00:00:00	丁烷	塔山石化	23.0	23.56	0.0	1	
1939		2014-09-02 00:00:00	丁烷	雄县东宏	27.0	27.94	0.0	1	
1940		2014-09-02 00:00:00	丙烷	盐山县金燕	3.0	2.8	0.0	1	
1948		2014-09-03 00:00:00	丙烷	盐山县金燕	0.0	0.0	0.0	0	
1949	JZ140906	2014-09-03 00:00:00	轻油	精细化工	200.0	245.28	1883.5825	11	
1950	JZ140907	2014-09-03 00:00:00	轻油	精细化工	200.0	202.22	1552.8911	9	
1951		2014-09-03 00:00:00	丙烷	爱军化工	23.0	22.92	0.0	1	
1952		2014-09-03 00:00:00	丁烷	塔山石化	23.0	23.18	0.0	1	
1953		2014-09-03 00:00:00	液化气	塔山石化	23.0	23.62	0.0	1	
1954		2014-09-03 00:00:00	丁烷	盐山县金燕	24.0	23.8	0.0	1	
1955		2014-09-03 00:00:00	丙烷	盐山县金燕	15.0	14.54	0.0	1	
1956		2014-09-03 00:00:00	丙烷	盐山县金燕	3.0	3.36	0.0	1	
1963		2014-09-04 00:00:00	丁烷	盐山县金燕	18.0	18.74	0.0	1	
1972	JZ140908	2014-09-04 00:00:00	轻油	精细化工	200.0	105.74	811.0052	5	
1973	JZ140907	2014-09-04 00:00:00	轻油	精细化工	200.0	245.0	1879.1171	11	
1974		2014-09-04 00:00:00	丙烷	爱军化工	23.0	24.0	0.0	1	
1975		2014-09-04 00:00:00	丁烷	塔山石化	23.0	23.22	0.0	1	
1976		2014-09-04 00:00:00	丁烷	塔山石化	23.0	22.7	0.0	1	
1977		2014-09-04 00:00:00	液化气	盐山县金燕	27.0	28.78	0.0	1	
1978		2014-09-04 00:00:00	丙烷	盐山县金燕	3.0	4.2	0.0	1	
2091	JZ140909	2014-09-05 00:00:00	轻油	精细化工	200.0	241.04	1848.7397	11	
2092	JZ140910	2014-09-05 00:00:00	轻油	精细化工	200.0	87.38	670.1878	4	
2093		2014-09-05 00:00:00	丙烷	爱军化工	24.0	24.82	0.0	1	
2094		2014-09-05 00:00:00	丙烷	爱军化工	23.0	23.24	0.0	1	
2095		2014-09-05 00:00:00	丙烷	葫芦岛液	23.0	23.56	0.0	1	
2096		2014-09-05 00:00:00	丁烷	盐山县金燕	24.0	24.3	0.0	1	
2097		2014-09-05 00:00:00	丙烷	盐山县金燕	3.0	3.68	0.0	1	
2098		2014-09-05 00:00:00	丙烷	三辉化工	23.0	24.4	0.0	1	
2099	JZ140911	2014-09-06 00:00:00	轻油	精细化工	200.0	245.38	1879.746	11	
2100	JZ140912	2014-09-06 00:00:00	轻油	精细化工	200.0	165.2	1265.5329	7	
2101		2014-09-06 00:00:00	丙烷	爱军化工	24.0	23.96	0.0	1	
2102		2014-09-06 00:00:00	丁烷	塔山石化	23.0	23.28	1.0	0	
2103		2014-09-06 00:00:00	丁烷	盐山县金燕	27.0	29.2	1.0	0	
2104		2014-09-06 00:00:00	丙烷	盐山县金燕	23.0	23.26	1.0	0	
2105		2014-09-06 00:00:00	丙烷	盐山县金燕	23.0	22.72	1.0	0	
2112	JZ140914	2014-09-07 00:00:00	轻油	精细化工	200.0	182.84	1402.3881	8	
2113		2014-09-07 00:00:00	丁烷	葫芦岛液	23.0	23.14	0.0	1	
2114		2014-09-07 00:00:00	丙烷	盐山县金燕	24.0	24.06	0.0	1	
2115		2014-09-07 00:00:00	丙烷	盐山县金燕	15.0	17.16	0.0	1	
2116	JZ140913	2014-09-07 00:00:00	轻油	精细化工	200.0	245.34	1881.7586	11	
2127	JZ140916	2014-09-08 00:00:00	轻油	精细化工	200.0	64.54	495.0308	3	
2128	JZ140915	2014-09-08 00:00:00	轻油	精细化工	200.0	221.18	1696.4129	10	
2129		2014-09-08 00:00:00	丙烷	爱军化工	23.0	21.8	0.0	1	
2130		2014-09-08 00:00:00	丁烷	朝顺达	27.0	26.76	0.0	1	
2131		2014-09-08 00:00:00	丙烷	盐山县金燕	24.0	23.98	0.0	1	
2132	JZ140917	2014-09-09 00:00:00	轻油	精细化工	200.0	244.96	1878.8026	11	
2133	JZ140918	2014-09-09 00:00:00	轻油	精细化工	200.0	202.4	1552.3879	9	
2134		2014-09-09 00:00:00	丙烷	沈阳双燃	22.0	22.7	0.0	1	
2135		2014-09-09 00:00:00	丁烷	塔山石化	23.0	23.58	0.0	1	
2142	JZ140920	2014-09-10 00:00:00	轻油	精细化工	200.0	41.86	321.4461	2	
2143	JZ140919	2014-09-10 00:00:00	轻油	精细化工	200.0	244.96	1881.1296	11	
2144	2672	2014-09-10 00:00:00	丙烷	盐山县金燕	24.0	24.24	0.0	1	
2145	2670	2014-09-10 00:00:00	丙烷	盐山县金燕	23.0	22.28	0.0	1	
2146	2671	2014-09-10 00:00:00	丙烷	爱军化工	24.0	24.52	0.0	1	
2147	2669	2014-09-10 00:00:00	丁烷	塔山石化	23.0	24.0	0.0	1	
2156	JZ140922	2014-09-11 00:00:00	轻油	精细化工	200.0	203.76	1564.7149	9	
2157	JZ140921	2014-09-11 00:00:00	轻油	精细化工	200.0	245.12	1882.3246	11	
2158	2728	2014-09-11 00:00:00	丙烷	爱军化工	14.0	14.38	0.0	1	
2159	2726	2014-09-11 00:00:00	丙烷	爱军化工	23.0	22.06	0.0	1	
2160	2727	2014-09-11 00:00:00	丁烷	爱军化工	15.0	14.84	0.0	1	
2161	2673	2014-09-11 00:00:00	丁烷	塔山石化	23.0	23.34	0.0	1	
2162	2674	2014-09-11 00:00:00	丙烷	盐山县金燕	3.0	3.18	0.0	1	
2163	2675	2014-09-11 00:00:00	丁烷	唐山中油	21.0	21.9	0.0	1	
2164	JZ140924	2014-09-12 00:00:00	轻油	精细化工	200.0	41.84	320.5027	2	
2165	JZ140923	2014-09-12 00:00:00	轻油	精细化工	200.0	245.94	1884.0227	11	
2166	2729	2014-09-12 00:00:00	丁烷	塔山石化	23.0	23.22	0.0	1	
2167	2730	2014-09-12 00:00:00	丙烷	盐山县金燕	3.0	3.42	0.0	1	
2168	2732	2014-09-12 00:00:00	丙烷	盐山县金燕	24.0	24.64	0.0	1	
2169	2731	2014-09-12 00:00:00	丁烷	唐山中油	24.0	25.5	0.0	1	
2170	2733	2014-09-12 00:00:00	丙烷	三辉化工	23.5	23.38	0.0	1	
2189		2014-09-13 00:00:00	轻油	精细化工	200.0	228.18	1747.9851	11	
2190		2014-09-13 00:00:00	轻油	精细化工	200.0	148.12	1134.6526	7	
2191		2014-09-13 00:00:00	丁烷	塔山石化	23.0	23.54	0.0	0	
2192		2014-09-13 00:00:00	丙烷	盐山县金燕	23.0	23.84	0.0	0	
2193		2014-09-13 00:00:00	丙烷	盐山县金燕	3.0	3.26	0.0	0	
2194		2014-09-13 00:00:00	丁烷	唐山中油	24.0	24.92	0.0	0	
2195		2014-09-13 00:00:00	丙烷	三辉化工	11.0	11.04	0.0	0	
2196		2014-09-13 00:00:00	丙烷	三辉化工	24.0	22.74	0.0	0	
2197		2014-09-13 00:00:00	丙烷	三辉化工	23.5	23.68	0.0	0	
2295	JZ140928	2014-09-14 00:00:00	轻油	精细化工	200.0	161.0	1237.86	7	
2296	JZ140927	2014-09-14 00:00:00	轻油	精细化工	200.0	244.76	1881.8843	11	
2297	2747	2014-09-14 00:00:00	丁烷	爱军化工	14.0	15.28	0.0	1	
2299	2750	2014-09-14 00:00:00	丙烷	盐山县金燕	24.0	24.64	0.0	1	
2300	2746	2014-09-14 00:00:00	丙烷	盐山县金燕	15.0	15.12	0.0	1	
2301	2749	2014-09-14 00:00:00	丙烷	盐山县金燕	24.0	24.06	0.0	1	
2302	2745	2014-09-14 00:00:00	丙烷	三辉化工	23.5	23.38	0.0	1	
2303	3526	2014-09-14 00:00:00	丙烷	三辉化工	15.0	14.92	0.0	1	
2315	JZ140930	2014-09-15 00:00:00	轻油	精细化工	200.0	157.78	1210.1242	7	
2298	2748	2014-09-14 00:00:00	丁烷	塔山石化	23.0	23.54	0.0	1	
2316	JZ140929	2014-09-15 00:00:00	轻油	精细化工	200.0	245.7	1884.463	11	
2317		2014-09-15 00:00:00	丙烷	塔山石化	23.0	22.68	0.0	1	
2318		2014-09-15 00:00:00	丙烷	廊坊中信	15.5	20.52	0.0	1	
2319		2014-09-15 00:00:00	丙烷	廊坊中信	24.0	23.84	0.0	1	
2320		2014-09-15 00:00:00	丙烷	爱军化工	23.0	24.54	0.0	1	
2321		2014-09-15 00:00:00	丙烷	爱军化工	14.0	14.1	0.0	1	
2322		2014-09-15 00:00:00	丙烷	盐山县金燕	15.0	14.9	0.0	1	
2323		2014-09-15 00:00:00	液化气	塔山石化	23.0	23.56	0.0	1	
2324		2014-09-15 00:00:00	丁烷	廊坊中信	25.0	25.16	0.0	1	
2325		2014-09-15 00:00:00	丁烷	塔山石化	23.0	24.02	0.0	1	
2326	JZ140931	2014-09-16 00:00:00	轻油	精细化工	200.0	241.36	1857.985	11	
2327	JZ140932	2014-09-16 00:00:00	轻油	精细化工	200.0	106.8	822.1373	5	
2328	3538	2014-09-16 00:00:00	丙烷	廊坊中信	14.0	14.46	0.0	1	
2329	3542	2014-09-16 00:00:00	丙烷	沈阳双燃	22.0	22.24	0.0	1	
2330	3539	2014-09-16 00:00:00	丙烷	廊坊中信	3.0	4.04	0.0	1	
2331	3536	2014-09-16 00:00:00	丙烷	塔山石化	23.0	23.06	0.0	1	
2332	3541	2014-09-16 00:00:00	丙烷	廊坊中信	24.0	24.16	0.0	1	
2333	3537	2014-09-16 00:00:00	丁烷	塔山石化	23.0	23.34	0.0	1	
2334	3540	2014-09-16 00:00:00	丁烷	廊坊中信	24.0	23.54	0.0	1	
2335	JZ140934	2014-09-17 00:00:00	轻油	精细化工	200.0	146.08	1128.6778	6	
2336	JZ140933	2014-09-17 00:00:00	轻油	精细化工	200.0	244.76	1891.1296	11	
2337		2014-09-17 00:00:00	丙烷	塔山石化	23.0	22.76	0.0	1	
2338		2014-09-17 00:00:00	丙烷	盐山县金燕	15.0	15.06	0.0	1	
2339		2014-09-17 00:00:00	丙烷	爱军化工	24.0	24.24	0.0	1	
2340		2014-09-17 00:00:00	丙烷	廊坊中信	4.0	4.26	0.0	1	
2341		2014-09-17 00:00:00	丁烷	廊坊中信	24.0	24.34	0.0	1	
2342		2014-09-17 00:00:00	丁烷	塔山石化	23.0	23.16	0.0	1	
2343		2014-09-17 00:00:00	丁烷	爱军化工	7.0	8.32	0.0	1	
2344		2014-09-17 00:00:00	液化气	爱军化工	7.0	6.34	0.0	1	
2345	JZ140936	2014-09-18 00:00:00	轻油	精细化工	200.0	138.0	1061.0049	6	
2346	JZ140935	2014-09-18 00:00:00	轻油	精细化工	200.0	244.66	1881.1296	11	
2347		2014-09-18 00:00:00	丙烷	廊坊中信	4.0	4.2	0.0	1	
2348		2014-09-18 00:00:00	丙烷	廊坊中信	14.0	14.04	0.0	1	
2349		2014-09-18 00:00:00	丙烷	塔山石化	23.0	23.14	0.0	1	
2350		2014-09-18 00:00:00	丙烷	盐山县金燕	15.0	14.82	0.0	1	
2351		2014-09-18 00:00:00	液化气	廊坊中信	15.0	16.98	0.0	1	
2352		2014-09-18 00:00:00	丁烷	廊坊中信	24.0	23.46	0.0	1	
2353		2014-09-18 00:00:00	丁烷	塔山石化	23.0	22.62	0.0	1	
2354	JZ140937	2014-09-19 00:00:00	轻油	精细化工	200.0	219.14	1916.8529	10	
2355		2014-09-19 00:00:00	丙烷	塔山石化	23.0	23.1	0.0	1	
2356		2014-09-19 00:00:00	丁烷	塔山石化	23.0	23.64	0.0	1	
2357	JZ140939	2014-09-20 00:00:00	轻油	精细化工	200.0	165.94	1329.4951	7	
2358	3560	2014-09-20 00:00:00	丙烷	塔山石化	23.0	23.26	0.0	1	
2359	3562	2014-09-20 00:00:00	丙烷	廊坊中信	24.0	24.84	0.0	1	
2360	3563	2014-09-20 00:00:00	丙烷	廊坊中信	4.0	4.12	0.0	1	
2361	3561	2014-09-20 00:00:00	丁烷	塔山石化	23.0	22.86	0.0	1	
2362	3564	2014-09-20 00:00:00	丁烷	廊坊中信	24.0	24.34	0.0	1	
2363		2014-09-21 00:00:00	丙烷	盐山县金燕	15.0	15.2	0.0	1	
2364		2014-09-21 00:00:00	丙烷	廊坊中信	14.0	14.06	0.0	1	
2365		2014-09-21 00:00:00	丙烷	塔山石化	23.0	22.68	0.0	1	
2366		2014-09-21 00:00:00	丙烷	廊坊中信	4.0	5.86	0.0	1	
2367		2014-09-21 00:00:00	丁烷	廊坊中信	22.0	22.44	0.0	1	
2368		2014-09-21 00:00:00	丁烷	塔山石化	23.0	23.38	0.0	1	
2369	3574	2014-09-22 00:00:00	丙烷	廊坊中信	23.0	23.04	0.0	1	
2370	3577	2014-09-22 00:00:00	丙烷	盐山县金燕	23.0	23.8	0.0	1	
2371	3575	2014-09-22 00:00:00	丙烷	廊坊中信	4.0	5.24	0.0	1	
2372	3573	2014-09-22 00:00:00	丙烷	葫芦岛液	23.0	23.02	0.0	1	
2373	3578	2014-09-22 00:00:00	丙烷	爱军化工	22.0	22.62	0.0	1	
2374	3580	2014-09-22 00:00:00	丙烷	爱军化工	14.0	14.14	0.0	1	
2375	3579	2014-09-22 00:00:00	丁烷	爱军化工	14.0	14.26	0.0	1	
2376	3572	2014-09-22 00:00:00	丁烷	塔山石化	23.0	23.18	0.0	1	
2377	3576	2014-09-22 00:00:00	丁烷	廊坊中信	23.0	22.72	0.0	1	
2378	3586	2014-09-23 00:00:00	丙烷	沈阳双燃	22.0	22.06	0.0	1	
2379	3587	2014-09-23 00:00:00	丙烷	爱军化工	22.0	21.24	0.0	1	
2380	3585	2014-09-23 00:00:00	丙烷	廊坊中信	4.0	4.28	0.0	1	
2381	3583	2014-09-23 00:00:00	丙烷	盐山县金燕	24.0	23.76	0.0	1	
2382	3581	2014-09-23 00:00:00	丙烷	塔山石化	23.0	23.24	0.0	1	
2383	3588	2014-09-23 00:00:00	丁烷	爱军化工	14.0	14.7	0.0	1	
2384	3582	2014-09-23 00:00:00	丁烷	塔山石化	23.0	23.14	0.0	1	
2385	3584	2014-09-23 00:00:00	丁烷	廊坊中信	23.0	23.66	0.0	1	
2386		2014-09-24 00:00:00	丁烷	廊坊中信	23.0	22.88	0.0	1	
2387		2014-09-24 00:00:00	丁烷	廊坊中信	23.0	23.36	0.0	1	
2388		2014-09-24 00:00:00	丙烷	宏源发燃气	4.0	5.18	0.0	1	
2389		2014-09-24 00:00:00	丙烷	塔山石化	23.0	23.04	0.0	1	
2390		2014-09-24 00:00:00	丙烷	爱军化工	22.0	22.38	0.0	1	
2391		2014-09-24 00:00:00	丙烷	宏源发燃气	24.0	24.84	0.0	1	
2392	3596	2014-09-25 00:00:00	丙烷	塔山石化	23.0	23.16	0.0	1	
2393	3595	2014-09-25 00:00:00	丙烷	爱军化工	24.0	23.82	0.0	1	
2394	3599	2014-09-25 00:00:00	丙烷	宏源发燃气	4.0	4.08	0.0	1	
2395	3598	2014-09-25 00:00:00	丙烷	宏源发燃气	20.0	24.66	0.0	1	
2396	3597	2014-09-25 00:00:00	丁烷	塔山石化	23.0	22.96	0.0	1	
2397	3600	2014-09-25 00:00:00	丁烷	盐山县金燕	20.0	17.88	0.0	1	
2398	3605	2014-09-26 00:00:00	丙烷	爱军化工	21.0	22.46	0.0	0	
2399	3604	2014-09-26 00:00:00	丙烷	爱军化工	22.0	22.46	0.0	0	
2400	3602	2014-09-26 00:00:00	丙烷	宏源发燃气	4.0	4.8	0.0	0	
2401	3601	2014-09-26 00:00:00	丁烷	塔山石化	23.0	23.22	0.0	0	
2402	3603	2014-09-26 00:00:00	丁烷	盐山县金燕	23.0	23.34	0.0	0	
2408	3608	2014-09-27 00:00:00	丙烷	爱军化工	22.0	21.4	0.0	0	
2411	3607	2014-09-27 00:00:00	丙烷	盐山县金燕	15.0	15.02	0.0	0	
2424	3610	2014-09-27 00:00:00	丁烷	爱军化工	14.0	14.38	0.0	1	
2425	3609	2014-09-27 00:00:00	丁烷	爱军化工	14.0	14.82	0.0	1	
2426	3606	2014-09-27 00:00:00	丁烷	廊坊中信	26.0	26.46	0.0	1	
2427	3614	2014-09-28 00:00:00	丙烷	爱军化工	23.0	22.28	0.0	1	
2428	3615	2014-09-28 00:00:00	丙烷	爱军化工	22.0	22.32	0.0	1	
2429	3611	2014-09-28 00:00:00	丙烷	宏源发燃气	4.0	4.08	0.0	1	
2430	3616	2014-09-28 00:00:00	丙烷	宏源发燃气	24.0	24.0	0.0	1	
2431	3612	2014-09-28 00:00:00	丁烷	盐山县金燕	23.0	24.16	0.0	1	
2432	3613	2014-09-28 00:00:00	丁烷	盐山县金燕	20.0	19.84	0.0	1	
2433	3617	2014-09-28 00:00:00	丙烷	三辉化工	24.0	23.7	0.0	1	
2434	3622	2014-09-30 00:00:00	丙烷	爱军化工	24.0	24.34	0.0	1	
2435	3623	2014-09-30 00:00:00	丙烷	爱军化工	23.0	23.3	0.0	1	
2436	3626	2014-09-30 00:00:00	丙烷	宏源发燃气	10.0	14.74	0.0	1	
2437	3621	2014-09-30 00:00:00	丙烷	宏源发燃气	24.0	24.58	0.0	1	
2438	3625	2014-09-30 00:00:00	丙烷	沈阳双燃	22.0	21.88	0.0	1	
2439	3618	2014-09-30 00:00:00	丙烷	塔山石化	23.0	23.06	0.0	1	
2440	3620	2014-09-30 00:00:00	丁烷	塔山石化	23.0	22.92	0.0	1	
2441	JZ141001	2014-10-02 00:00:00	轻油	珠海石化	200.0	199.88	1680.6267	6	
2442	3635	2014-10-02 00:00:00	丁烷	爱军化工	14.0	15.44	0.0	1	
2443	3630	2014-10-02 00:00:00	丙烷	宏源发燃气	14.0	14.8	0.0	1	
2444	3631	2014-10-02 00:00:00	丙烷	宏源发燃气	8.0	7.7	0.0	1	
2445	3632	2014-10-02 00:00:00	丙烷	宏源发燃气	4.0	4.3	0.0	1	
2446	3629	2014-10-02 00:00:00	丙烷	宏源发燃气	24.0	24.46	0.0	1	
2447	3628	2014-10-02 00:00:00	丁烷	塔山石化	24.0	22.9	0.0	1	
2448	3627	2014-10-02 00:00:00	丙烷	塔山石化	23.0	23.12	0.0	1	
2449	3633	2014-10-02 00:00:00	丁烷	盐山县金燕	20.0	20.08	0.0	1	
2450	3634	2014-10-02 00:00:00	丁烷	盐山县金燕	22.0	24.54	0.0	1	
2451	3636	2014-10-02 00:00:00	丙烷	三辉化工	23.5	23.78	0.0	1	
2452	3639	2014-10-03 00:00:00	丙烷	宏源发燃气	4.0	5.16	0.0	1	
2453	3638	2014-10-03 00:00:00	丁烷	塔山石化	23.0	23.66	0.0	1	
2454	3637	2014-10-03 00:00:00	丙烷	塔山石化	23.0	23.26	0.0	1	
2455	3640	2014-10-03 00:00:00	丁烷	盐山县金燕	23.0	23.64	0.0	1	
2456	3641	2014-10-03 00:00:00	丙烷	三辉化工	24.0	23.72	0.0	1	
2457	jz100402	2014-10-04 00:00:00	轻油	珠海石化	270.0	271.87	1709.872	6	
2458	3644	2014-10-04 00:00:00	丙烷	宏源发燃气	4.0	4.6	0.0	1	
2459	3643	2014-10-04 00:00:00	丁烷	塔山石化	23.0	23.68	0.0	1	
2460	3642	2014-10-04 00:00:00	丙烷	塔山石化	23.0	23.12	0.0	1	
2461	3645	2014-10-04 00:00:00	丁烷	廊坊中信	23.0	23.36	0.0	1	
2462	3646	2014-10-04 00:00:00	丙烷	三辉化工	24.0	23.24	0.0	1	
2463	jz100503	2014-10-05 00:00:00	轻油	珠海石化	270.0	271.74	2284.8398	8	
2464	3651	2014-10-05 00:00:00	丁烷	爱军化工	15.0	14.7	0.0	1	
2465	3652	2014-10-05 00:00:00	丙烷	爱军化工	15.0	14.46	0.0	1	
2466	3649	2014-10-05 00:00:00	丙烷	宏源发燃气	15.0	14.88	0.0	1	
2467	3653	2014-10-05 00:00:00	丙烷	宏源发燃气	4.0	4.92	0.0	1	
2468	3648	2014-10-05 00:00:00	丙烷	塔山石化	23.0	22.98	0.0	1	
2469	3647	2014-10-05 00:00:00	丙烷	塔山石化	23.0	23.08	0.0	1	
2470	3654	2014-10-05 00:00:00	丁烷	唐山中油	22.0	22.24	0.0	1	
2471	jz141004	2014-10-06 00:00:00	轻油	珠海石化	300.0	306.08	2570.1224	9	
2472	3657	2014-10-06 00:00:00	丁烷	爱军化工	14.0	14.98	0.0	1	
2473	3655	2014-10-06 00:00:00	丙烷	塔山石化	23.0	23.12	0.0	1	
2474	3656	2014-10-06 00:00:00	丁烷	塔山石化	23.0	24.06	0.0	1	
2475	jz141005	2014-10-07 00:00:00	轻油	珠海石化	300.0	272.92	2291.6951	8	
2476	3660	2014-10-07 00:00:00	丁烷	爱军化工	14.0	14.16	0.0	1	
2477	3658	2014-10-07 00:00:00	丙烷	塔山石化	23.0	23.0	0.0	1	
2478	3659	2014-10-07 00:00:00	丁烷	塔山石化	23.0	23.1	0.0	1	
2485	jz141006	2014-10-08 00:00:00	轻油	珠海石化	270.0	273.52	2290.626	8	
2486	3665	2014-10-08 00:00:00	丁烷	爱军化工	14.0	14.36	0.0	1	
2487	3664	2014-10-08 00:00:00	丙烷	爱军化工	14.0	14.26	0.0	1	
2488	3663	2014-10-08 00:00:00	丙烷	宏源发燃气	23.0	22.7	0.0	1	
2489	3661	2014-10-08 00:00:00	丙烷	塔山石化	23.0	23.02	0.0	1	
2490	3662	2014-10-08 00:00:00	丙烷	盐山县金燕	15.0	15.04	0.0	1	
2502	2014-jz-10-9	2014-10-09 00:00:00	轻油	珠海石化	270.0	273.52	2290.626	8	
2503		2014-10-09 00:00:00	丁烷	爱军化工	10.0	11.24	0.0	1	
2504		2014-10-09 00:00:00	丙烷	宏源发燃气	15.0	14.76	0.0	1	
2505		2014-10-09 00:00:00	丙烷	宏源发燃气	5.0	5.62	0.0	1	
2506		2014-10-09 00:00:00	丙烷	宏源发燃气	24.0	24.4	0.0	1	
2507		2014-10-09 00:00:00	丙烷	宏源发燃气	4.0	4.88	0.0	1	
2508		2014-10-09 00:00:00	丙烷	爱军化工	23.0	23.08	0.0	1	
2509		2014-10-09 00:00:00	丙烷	盐山县金燕	15.0	14.84	0.0	1	
2510		2014-10-09 00:00:00	丁烷	雄县东宏	23.5	26.48	0.0	1	
2511		2014-10-09 00:00:00	丁烷	唐山中油	22.0	22.46	0.0	1	
2512		2014-10-09 00:00:00	丁烷	唐山中油	17.0	17.02	0.0	1	
2520	JZ141008	2014-10-10 00:00:00	轻油	珠海石化	190.0	195.5	1637.2306	6	
2521		2014-10-10 00:00:00	丁烷	爱军化工	14.0	12.66	0.0	1	
2522		2014-10-10 00:00:00	丁烷	唐山中油	17.0	16.7	0.0	1	
2523		2014-10-10 00:00:00	丁烷	唐山中油	20.0	20.72	0.0	1	
2524		2014-10-10 00:00:00	丙烷	宏源发燃气	6.0	6.1	0.0	1	
2525		2014-10-10 00:00:00	丙烷	宏源发燃气	24.0	24.26	0.0	1	
2526		2014-10-10 00:00:00	丙烷	宏源发燃气	8.0	7.86	0.0	1	
2527	JZ14109	2014-10-11 00:00:00	轻油	珠海石化	270.0	299.8	2558.3615	9	
2528		2014-10-11 00:00:00	丙烷	宏源发燃气	5.0	5.68	0.0	1	
2529		2014-10-11 00:00:00	丙烷	宏源发燃气	23.0	22.88	0.0	1	
2530		2014-10-11 00:00:00	丙烷	爱军化工	23.0	22.46	0.0	1	
2531		2014-10-11 00:00:00	丁烷	朝顺达	22.0	22.7	0.0	1	
2532		2014-10-11 00:00:00	液化气	爱军化工	14.0	14.3	0.0	1	
2533		2014-10-12 00:00:00	丙烷	爱军化工	23.0	24.68	0.0	1	
2534		2014-10-12 00:00:00	丙烷	宏源发燃气	5.0	4.9	0.0	1	
2535		2014-10-12 00:00:00	丙烷	盐山县金燕	15.0	14.94	0.0	1	
2536		2014-10-12 00:00:00	丁烷	雄县东宏	23.5	27.96	0.0	1	
2537		2014-10-12 00:00:00	丁烷	爱军化工	23.0	23.94	0.0	1	
2538		2014-10-12 00:00:00	丁烷	朝顺达	23.0	23.02	0.0	1	
2539	JZ141010	2014-10-13 00:00:00	轻油	珠海石化	34.0	34.36	293.2072	1	
2540		2014-10-13 00:00:00	丙烷	爱军化工	22.0	21.36	0.0	1	
2541		2014-10-13 00:00:00	丙烷	宏源发燃气	8.0	8.2	0.0	1	
2542		2014-10-13 00:00:00	丙烷	塔山石化	23.0	23.34	0.0	1	
2543		2014-10-13 00:00:00	丁烷	爱军化工	23.0	23.62	0.0	1	
2544		2014-10-13 00:00:00	丁烷	朝顺达	20.0	19.82	0.0	1	
2545		2014-10-13 00:00:00	丁烷	雄县东宏	23.5	28.22	0.0	1	
2546	JZ141011	2014-10-14 00:00:00	轻油	珠海石化	300.0	303.68	2591.5061	9	
2547		2014-10-14 00:00:00	丙烷	沈阳双燃	22.0	21.78	0.0	1	
2548		2014-10-14 00:00:00	丙烷	葫芦岛液	23.0	23.2	0.0	1	
2549		2014-10-14 00:00:00	丙烷	爱军化工	22.0	22.24	0.0	1	
2550		2014-10-14 00:00:00	丙烷	爱军化工	14.0	14.62	0.0	1	
2551		2014-10-14 00:00:00	丁烷	爱军化工	14.0	14.88	0.0	1	
2552		2014-10-14 00:00:00	丁烷	爱军化工	23.0	23.56	0.0	1	
2553		2014-10-14 00:00:00	丁烷	爱军化工	12.0	12.52	0.0	1	
2554	JZ141012	2014-10-15 00:00:00	轻油	珠海石化	300.0	302.56	2578.4243	9	
2555		2014-10-15 00:00:00	丙烷	辽阳金鹰气体	25.0	24.52	0.0	1	
2556		2014-10-15 00:00:00	丙烷	宏源发燃气	23.0	23.7	0.0	1	
2557		2014-10-15 00:00:00	丙烷	宏源发燃气	6.0	7.22	0.0	1	
2558		2014-10-15 00:00:00	丙烷	天元燃料	28.0	24.78	0.0	1	
2559		2014-10-15 00:00:00	丙烷	爱军化工	23.0	23.58	0.0	1	
2560		2014-10-15 00:00:00	丙烷	爱军化工	23.0	23.1	0.0	1	
2561		2014-10-15 00:00:00	丁烷	唐山中油	17.0	17.38	0.0	1	
2562		2014-10-15 00:00:00	丁烷	唐山中油	23.0	23.42	0.0	1	
2563		2014-10-15 00:00:00	丁烷	爱军化工	14.0	15.24	0.0	1	
2564		2014-10-15 00:00:00	丁烷	爱军化工	23.0	23.2	0.0	1	
2565		2014-10-15 00:00:00	液化气	唐山中油	27.5	28.42	0.0	1	
2566		2014-10-16 00:00:00	丙烷	宏源发燃气	7.0	8.66	0.0	1	
2567		2014-10-16 00:00:00	丙烷	宏源发燃气	6.0	5.74	0.0	1	
2568		2014-10-16 00:00:00	丙烷	东营鑫美石油	24.0	23.98	0.0	1	
2569		2014-10-16 00:00:00	丙烷	爱军化工	23.0	23.44	0.0	1	
2570		2014-10-16 00:00:00	丙烷	爱军化工	14.0	14.62	0.0	1	
2571		2014-10-16 00:00:00	丁烷	爱军化工	23.0	23.1	0.0	1	
2572		2014-10-16 00:00:00	丁烷	廊坊中信	20.0	21.76	0.0	1	
2573		2014-10-16 00:00:00	丁烷	廊坊中信	20.0	17.62	0.0	1	
2574	JZ141012	2014-10-17 00:00:00	轻油	珠海石化	300.0	301.24	2570.6885	9	
2575		2014-10-17 00:00:00	丙烷	长兴岛丰源	24.0	23.64	0.0	1	
2576		2014-10-17 00:00:00	丙烷	宏源发燃气	22.0	20.0	0.0	1	
2577		2014-10-17 00:00:00	丙烷	宏源发燃气	24.0	24.0	0.0	1	
2578		2014-10-17 00:00:00	丙烷	台安县辽河石油	23.0	22.82	0.0	1	
2579		2014-10-17 00:00:00	丁烷	廊坊中信	23.5	28.94	0.0	1	
2580		2014-10-17 00:00:00	丁烷	雄县东宏	27.0	30.22	0.0	1	
2581		2014-10-18 00:00:00	丁烷	廊坊中信	27.0	29.76	0.0	1	
